years_bp,gisp2_temp_c,epica_co2_ppm,solar_delta_14c,geomagnetic_vadm,global_sea_level_anomaly_m
0,-31.5913,313.66,-24.5,8.49,8.96
10,-31.5913,310.65333333333336,-19.7,8.394,8.9501695384
20,-31.5913,305.38,-17.8,8.356,8.940278333866667
30,-31.5913,301.88,-13.4,8.268,8.9303266568
40,-31.5913,297.87,-9.7,8.194,8.920314777600002
50,-31.5913,295.1925,-5.9,8.118,8.910242966666669
60,-31.5913,291.63,-6.4,8.128,8.900111494400003
70,-31.5913,287.77,-6.2,8.124,8.8899206312
80,-31.5913,287.99,-5.7,8.114,8.879670647466666
90,-31.5913,286.81,-4.6,8.092,8.869361813600001
100,-31.604091666666665,286.5433333333333,-3.4,8.068,8.8589944
110,-31.612299999999998,283.775,-2.7,8.054,8.848568677066666
120,-31.6111,285.5,2.4,7.952,8.838084915200001
130,-31.706957142857146,282.75545454545454,2.7,7.946,8.8275433848
140,-31.773014285714286,283.9642857142857,0.4,7.992,8.816944356266667
150,-31.83244285714286,282.8,-2.7,8.054,8.8062881
160,-31.967266666666667,278.56642857142856,-9.0,8.18,8.7955748864
170,-32.03568333333333,280.24,-3.0,8.06,8.784804985866668
180,-31.984585714285714,277.276,-1.2,8.024,8.7739786688
190,-31.984042857142857,277.41200000000003,2.9,7.942,8.763096205600002
200,-32.022,277.6,2.2,7.956,8.752157866666668
210,-32.017799999999994,277.185,4.3,7.914,8.741163922400002
220,-32.020675,277.79,8.0,7.84,8.7301146432
230,-32.0261875,278.1725,14.6,7.708,8.719010299466667
240,-32.01855714285714,277.84749999999997,16.3,7.674,8.707851161599999
250,-32.02545,277.52250000000004,16.7,7.666,8.6966375
260,-32.074825000000004,276.32,14.0,7.72,8.685369585066665
270,-32.05905714285714,276.745,11.4,7.772,8.6740476872
280,-32.01197777777778,277.17,10.7,7.786,8.662672076800002
290,-31.99105,277.59499999999997,6.6,7.868,8.651243024266668
300,-32.0028,278.02,4.9,7.902,8.639760800000001
310,-32.022128571428574,276.69,1.8,7.964,8.6282256744
320,-32.075824999999995,274.0445454545454,-1.9,8.038,8.616637917866667
330,-32.0848,272.5152631578947,-2.5,8.05,8.6049978008
340,-32.07285,271.11,-3.5,8.07,8.593305593599998
350,-32.021,276.39,-1.9,8.038,8.581561566666668
360,-31.990085714285716,280.235,1.2,7.976,8.5697659904
370,-31.9811,281.986,3.1,7.938,8.5579191352
380,-31.985412500000002,282.3585714285714,5.8,7.884,8.546021271466667
390,-31.9794125,281.83,6.8,7.864,8.5340726696
400,-31.948555555555554,283.53,10.0,7.8,8.5220736
410,-31.9179375,283.74,11.3,7.774,8.510024333066667
420,-31.921233333333333,283.95,13.1,7.738,8.4979251392
430,-31.947655555555556,283.6535714285714,10.2,7.796,8.4857762888
440,-31.962266666666668,283.35714285714283,10.4,7.792,8.473578052266667
450,-32.009425,282.944375,10.3,7.794,8.4613307
460,-31.9889,282.06625,10.2,7.796,8.4490345024
470,-31.929333333333332,281.188125,10.7,7.786,8.436689729866666
480,-31.882075,280.31,9.4,7.812,8.424296652799999
490,-31.8647,281.27,10.3,7.794,8.411855541600001
500,-31.878044444444445,282.23,7.0,7.86,8.399366666666667
510,-31.8584,281.0395238095238,4.1,7.918,8.3868302984
520,-31.84072,279.8490476190476,2.0,7.96,8.3742467072
530,-31.807955555555555,279.715,-0.8,8.016,8.361616163466666
540,-31.8337,279.7605,-1.2,8.024,8.3489389376
550,-31.92231111111111,280.3655,-4.1,8.082,8.336215300000001
560,-31.9882,280.8492857142857,-8.8,8.176,8.323445521066665
570,-32.0289,280.2421428571429,-11.5,8.23,8.310629871200002
580,-32.01311111111111,279.63500000000005,-11.5,8.23,8.2977686208
590,-31.979699999999998,279.02785714285716,-6.1,8.122,8.284862040266667
600,-31.9316,278.4207142857143,-0.9,8.018,8.2719104
610,-31.890933333333333,281.215,0.7,7.986,8.2589139704
620,-31.83755,283.96173913043475,2.8,7.944,8.245873021866666
630,-31.7816,282.8791304347826,-0.7,8.014,8.2327878248
640,-31.7193,281.7965217391304,-0.5,8.01,8.2196586496
650,-31.74982222222222,280.71103448275863,-3.4,8.068,8.206485766666667
660,-31.77635,279.6248275862069,-5.5,8.11,8.1932694464
670,-31.7172,278.5386206896552,-8.3,8.166,8.1800099592
680,-31.66351111111111,280.2157894736842,-13.2,8.264,8.166707575466667
690,-31.72297777777778,282.2,-15.9,8.318,8.153362565599998
700,-31.75808888888889,282.47243902439027,-15.9,8.318,8.1399752
710,-31.815733333333334,282.7846341463415,-13.6,8.272,8.126545749066665
720,-31.8596,283.0968292682927,-12.8,8.256,8.113074483200002
730,-31.946133333333332,283.4090243902439,-15.6,8.312,8.0995616728
740,-31.99088888888889,283.7672727272727,-18.4,8.368,8.086007588266666
750,-31.912755555555556,284.54,-18.5,8.37,8.0724125
760,-31.7144,284.3723529411765,-16.2,8.324,8.0587766784
770,-31.53756,284.204705882353,-14.8,8.296,8.045100393866665
780,-31.44424,284.03705882352943,-15.3,8.306,8.0313839168
790,-31.384044444444445,284.1405263157895,-17.1,8.342,8.017627517600001
800,-31.36831111111111,284.42473684210523,-20.5,8.41,8.003831466666668
810,-31.3348,284.13290322580644,-19.6,8.392,7.989996034400001
820,-31.314159999999998,283.59419354838707,-18.0,8.36,7.976121491200001
830,-31.3284,283.0554838709677,-18.0,8.36,7.962208107466667
840,-31.353066666666667,282.93375,-17.8,8.356,7.9482561536
850,-31.3642,283.09,-14.6,8.292,7.934265899999999
860,-31.3844,283.00379310344823,-15.0,8.3,7.920237617066666
870,-31.37182222222222,282.91758620689654,-11.0,8.22,7.9061715752
880,-31.304199999999998,282.75095238095236,-8.2,8.164,7.8920680448
890,-31.262044444444445,281.8604761904762,-6.8,8.136,7.877927296266667
900,-31.2676,280.97,-7.6,8.152,7.863749599999999
910,-31.220222222222223,280.87904761904764,-9.2,8.184,7.8495352264
920,-31.06376,280.4695238095238,-12.1,8.242,7.835284445866667
930,-30.939777777777778,280.06,-16.2,8.324,7.8209975287999995
940,-30.801750000000002,279.55771428571427,-17.0,8.34,7.806674745599999
950,-30.5756,279.25485714285713,-13.0,8.26,7.792316366666667
960,-30.47737777777778,278.952,-19.4,8.388,7.7779226624
970,-30.506,278.5804,-18.3,8.366,7.7634939032
980,-30.621399999999998,278.0484,-20.5,8.41,7.7490303594666665
990,-30.6732,277.51640000000003,-18.7,8.374,7.7345323016
1000,-30.6804,277.91232558139535,-19.1,8.382,7.72
1010,-30.7118,278.54023255813956,-19.3,8.386,7.705417469978947
1020,-30.814799999999998,279.1681395348837,-17.9,8.358,7.690768655270174
1030,-30.952666666666666,279.79604651162794,-14.5,8.29,7.676053718905263
1040,-31.05848888888889,280.02153846153846,-11.3,8.226,7.66127282391579
1050,-31.081333333333333,279.8446153846154,-11.2,8.224,7.646426133333334
1060,-31.086888888888886,279.66769230769233,-14.4,8.288,7.631513810189474
1070,-31.094355555555556,279.4907692307693,-17.7,8.354,7.61653601751579
1080,-31.1592,279.32943396226415,-18.6,8.372,7.601492918343859
1090,-31.209422222222223,279.17849056603774,-17.5,8.35,7.586384675705262
1100,-31.244533333333333,279.0275471698113,-15.4,8.308,7.571211452631578
1110,-31.30186666666667,278.8766037735849,-13.6,8.272,7.555973412154386
1120,-31.4341,278.7256603773585,-13.4,8.268,7.540670717305263
1130,-31.5652,278.7337931034483,-14.9,8.298,7.525303531115789
1140,-31.590899999999998,279.11310344827587,-13.7,8.274,7.509872016617544
1150,-31.63525,279.4924137931035,-12.7,8.254,7.494376336842105
1160,-31.759555555555554,279.6645161290323,-11.1,8.222,7.478816654821053
1170,-31.92373333333333,279.52580645161294,-4.6,8.092,7.463193133585965
1180,-32.0592,279.3870967741936,-19.1,8.382,7.4475059361684215
1190,-32.13688888888889,279.35562500000003,-16.5,8.33,7.431755225599999
1200,-32.16706666666666,279.57437500000003,-16.6,8.332,7.41594116491228
1210,-32.1802,279.79312500000003,-12.3,8.246,7.400063917136841
1220,-32.16608,279.8903448275862,-9.8,8.196,7.384123645305263
1230,-32.1469,278.8937931034483,-7.2,8.144,7.3681205124491225
1240,-32.068044444444446,277.89724137931034,-5.7,8.114,7.352054681599999
1250,-31.990933333333334,277.18437500000005,-8.6,8.172,7.335926315789473
1260,-31.917299999999997,277.60625,-6.7,8.134,7.319735578049122
1270,-31.90136,278.028125,-7.6,8.152,7.3034826314105254
1280,-31.85857777777778,278.45,-9.2,8.184,7.287167638905263
1290,-31.78,278.7954545454545,-12.3,8.246,7.270790763564911
1300,-31.763866666666665,279.1409090909091,-16.3,8.326,7.254352168421052
1310,-31.7537,279.4863636363636,-20.1,8.402,7.237852016505262
1320,-31.8148,279.04272727272723,-21.0,8.42,7.221290470849123
1330,-31.86885,278.2609090909091,-18.1,8.362,7.204667694484209
1340,-31.773733333333332,277.6090625,-16.5,8.33,7.187983850442105
1350,-31.64936,277.08718749999997,-19.5,8.39,7.171239101754386
1360,-31.520711111111112,276.5653125,-20.7,8.414,7.154433611452631
1370,-31.3754,276.4712,-20.3,8.406,7.13756754256842
1380,-31.329024999999998,277.3752,-20.8,8.416,7.120641058133333
1390,-31.312675,278.2792,-21.8,8.436,7.103654321178948
1400,-31.296325,276.5735294117647,-21.7,8.434,7.086607494736842
1410,-31.279975,276.6411764705882,-24.0,8.48,7.0695007418385964
1420,-31.263624999999998,276.7088235294118,-26.5,8.53,7.052334225515789
1430,-31.247275,276.7764705882353,-26.0,8.52,7.035108108799999
1440,-31.230925,276.87827586206896,-23.8,8.476,7.017822554722806
1450,-31.214575,276.9886206896552,-22.9,8.458,7.000477726315789
1460,-31.1644,277.09896551724137,-19.2,8.384,6.983073786610526
1470,-31.0824,277.61019230769233,-18.4,8.368,6.965610898638596
1480,-31.00336,278.16596153846154,-20.4,8.408,6.948089225431579
1490,-30.91178181818182,278.72173076923076,-16.9,8.338,6.930508930021053
1500,-30.737399999999997,279.27750000000003,-15.5,8.31,6.912870175438596
1510,-30.498088888888887,279.83326923076925,-14.4,8.288,6.895173124715789
1520,-30.463140425531915,279.797,-16.4,8.328,6.877417940884211
1530,-30.558374468085105,279.507,-17.5,8.35,6.859604786975439
1540,-30.653608510638296,279.217,-21.2,8.424,6.841733826021052
1550,-30.74884255319149,278.53181818181815,-23.5,8.47,6.823805221052631
1560,-30.84407659574468,277.67727272727274,-22.1,8.442,6.805819135101754
1570,-30.8684,277.35185185185185,-21.4,8.428,6.787775731199999
1580,-30.85421818181818,277.55555555555554,-21.0,8.42,6.769675172378947
1590,-30.802533333333333,277.7592592592593,-20.7,8.414,6.7515176216701756
1600,-30.746866666666666,278.57800000000003,-19.7,8.394,6.733303242105264
1610,-30.6912,279.5505,-20.3,8.406,6.715032196715789
1620,-30.4744,280.523,-20.8,8.416,6.696704648533333
1630,-30.495452631578946,281.4955,-22.5,8.45,6.678320760589474
1640,-30.51776,281.40636363636366,-22.3,8.446,6.659880695915788
1650,-30.55352,281.0518181818182,-22.2,8.444,6.641384617543859
1660,-30.61111111111111,280.71857142857147,-19.0,8.38,6.622832688505262
1670,-30.69632,280.3995238095238,-14.9,8.298,6.6042250718315785
1680,-30.81304,279.03375,-9.4,8.188,6.585561930554386
1690,-30.95327272727273,278.8323076923077,-11.5,8.23,6.566843427705263
1700,-31.05916,279.5784615384615,-15.2,8.304,6.548069726315789
1710,-31.046799999999998,280.2092424242424,-17.5,8.35,6.529240989417543
1720,-31.10648,279.8016666666667,-19.9,8.398,6.510357380042105
1730,-31.0484,279.3940909090909,-19.2,8.384,6.491419061221053
1740,-31.091679999999997,278.98651515151516,-20.7,8.414,6.472426195985965
1750,-31.0602,278.5789393939394,-22.4,8.448,6.453378947368421
1760,-31.05936,278.17136363636365,-21.1,8.422,6.4342774784
1770,-31.028472727272725,277.76378787878787,-19.2,8.384,6.41512195211228
1780,-30.9572,277.68142857142857,-18.1,8.362,6.395912531536842
1790,-30.93349090909091,277.9242857142857,-17.5,8.35,6.376649379705263
1800,-30.9844,278.07666666666665,-17.1,8.342,6.357332659649123
1810,-31.04330909090909,278.09333333333336,-15.2,8.304,6.3379625344
1820,-31.0456,277.9875,-14.2,8.284,6.318539166989473
1830,-31.04496,277.8,-17.9,8.358,6.299062720449123
1840,-31.11768888888889,277.6125,-18.9,8.378,6.279533357810526
1850,-31.1728,277.4916666666667,-18.4,8.368,6.259951242105263
1860,-31.215799999999998,277.4708333333333,-14.0,8.28,6.2403165363649125
1870,-31.206622222222222,277.45,-15.8,8.316,6.220629403621053
1880,-31.1918,277.4291666666667,-15.6,8.312,6.200890006905263
1890,-31.12036363636364,277.4083333333333,-16.6,8.332,6.181098509249122
1900,-31.042933333333334,277.5153846153846,-16.7,8.334,6.16125507368421
1910,-30.95109090909091,277.7076923076923,-14.1,8.282,6.141359863242105
1920,-30.84984,277.9,-13.0,8.26,6.121413040954386
1930,-30.61728888888889,277.4862068965517,-14.7,8.294,6.1014147698526315
1940,-30.4624,277.0724137931034,-14.7,8.294,6.0813652129684215
1950,-30.310666666666666,276.726,-17.1,8.342,6.061264533333333
1960,-30.29704,276.986,-15.2,8.304,6.041112893978947
1970,-30.251333333333335,277.246,-11.6,8.232,6.020910457936843
1980,-30.240360000000003,277.506,-10.7,8.214,6.000657388238595
1990,-30.224,277.766,-12.2,8.244,5.980353847915789
2000,-30.175066666666666,277.9882978723404,-15.6,8.312,5.96
2010,-30.046,277.8712765957447,-18.2,8.364,5.939500386037151
2020,-29.863285714285716,277.7542553191489,-15.9,8.318,5.918762770443756
2030,-29.872142857142858,277.6372340425532,-12.9,8.258,5.897792150557276
2040,-29.854553846153845,277.5202127659574,-12.0,8.24,5.87659352371517
2050,-29.765636363636364,277.4031914893617,-13.1,8.262,5.855171887254902
2060,-29.621418181818182,277.28617021276597,-13.1,8.262,5.833532238513932
2070,-29.58488,277.1691489361702,-12.5,8.25,5.811679574829721
2080,-29.6496,277.05212765957447,-11.3,8.226,5.789618893539732
2090,-29.6952,276.9351063829787,-9.1,8.182,5.767355191981424
2100,-29.752533333333332,276.8900709219858,-9.0,8.18,5.74489346749226
2110,-29.793599999999998,276.87588652482265,-8.8,8.176,5.7222387174097005
2120,-29.852945454545456,276.86170212765956,-9.8,8.196,5.6993959390712075
2130,-29.9149,276.8475177304964,-11.5,8.23,5.6763701298142415
2140,-30.025039999999997,276.8333333333333,-9.0,8.18,5.653166286976265
2150,-30.10736,276.8191489361702,-11.1,8.222,5.629789407894736
2160,-30.107636363636363,276.8049645390071,-14.7,8.294,5.60624448990712
2170,-30.024,276.790780141844,-12.7,8.254,5.582536530350877
2180,-29.987636363636366,276.77659574468083,-13.2,8.264,5.558670526563467
2190,-29.98890909090909,276.76241134751774,-14.3,8.286,5.534651475882353
2200,-30.02392,276.7482269503546,-11.1,8.222,5.510484375644995
2210,-30.16648,276.7340425531915,-11.1,8.222,5.486174223188855
2220,-30.352639999999997,276.71985815602835,-10.7,8.214,5.461726015851394
2230,-30.52229090909091,276.70567375886526,-7.4,8.148,5.437144750970072
2240,-30.581244444444444,276.7,-4.1,8.082,5.412435425882354
2250,-30.56128,276.7,-2.8,8.056,5.387603037925696
2260,-30.637054545454546,276.7,-0.8,8.016,5.362652584437565
2270,-30.746311111111112,276.7302013422819,3.3,7.934,5.337589062755418
2280,-30.73408,276.79060402684564,6.7,7.866,5.312417470216718
2290,-30.69068,276.8510067114094,6.3,7.874,5.287142804158927
2300,-30.53130909090909,276.9114093959731,2.9,7.942,5.2617700619195045
2310,-30.35328,276.9718120805369,0.1,7.998,5.2363042408359135
2320,-30.1906,277.03221476510066,-0.2,8.004,5.210750338245614
2330,-30.11044,277.09261744966443,-0.5,8.01,5.185113351486069
2340,-30.105333333333334,277.1530201342282,-3.4,8.068,5.159398277894737
2350,-30.11809523809524,277.21342281879197,-8.4,8.168,5.133610114809081
2360,-30.14264,277.27382550335574,-12.7,8.254,5.1077538595665635
2370,-30.1688,277.33422818791945,-14.3,8.286,5.081834509504644
2380,-30.283454545454546,277.3946308724832,-13.6,8.272,5.0558570619607845
2390,-30.42127272727273,277.455033557047,-11.3,8.226,5.029826514272446
2400,-30.505418181818182,277.51543624161076,-9.5,8.19,5.00374786377709
2410,-30.4911,277.5758389261745,-9.3,8.186,4.977626107812178
2420,-30.41566153846154,277.61607142857144,-8.5,8.17,4.95146624371517
2430,-30.3438,277.64285714285717,-7.9,8.158,4.9252732688235294
2440,-30.298971428571427,277.6696428571429,-7.4,8.148,4.899052180474716
2450,-30.312424999999998,277.69642857142856,-5.9,8.118,4.872807976006192
2460,-30.346799999999998,277.7232142857143,-4.3,8.086,4.8465456527554185
2470,-30.395454545454545,277.75,-5.1,8.102,4.820270208059855
2480,-30.387371428571427,277.7767857142857,-3.0,8.06,4.793986639256966
2490,-30.370228571428573,277.80357142857144,-3.3,8.066,4.767699943684211
2500,-30.352436363636365,277.8303571428571,-6.6,8.132,4.7414151186790505
2510,-30.3288,277.85714285714283,-5.1,8.102,4.715137161578948
2520,-30.353527272727273,277.88392857142856,-5.4,8.108,4.688871069721362
2530,-30.534,277.7431372549019,-3.9,8.078,4.662621840443757
2540,-30.692181818181815,277.3509803921568,-3.5,8.07,4.636394471083591
2550,-30.7494,276.95882352941175,-4.3,8.086,4.6101939589783285
2560,-30.803927272727275,276.56666666666666,-1.3,8.026,4.584025301465428
2570,-30.86728,276.1745098039215,0.3,7.994,4.557893495882353
2580,-30.8874,275.78235294117644,0.8,7.984,4.531803539566563
2590,-30.870472727272727,275.39019607843136,3.6,7.928,4.505760429855521
2600,-30.844327272727273,274.9980392156863,8.1,7.838,4.4797691640866875
2610,-30.807236363636363,274.60588235294114,10.7,7.786,4.453834739597523
2620,-30.737054545454548,274.21372549019605,4.5,7.91,4.427962153725491
2630,-30.7356,274.025,6.5,7.87,4.40215640380805
2640,-30.791236363636365,274.65,11.0,7.78,4.376422487182663
2650,-30.7896,275.275,14.2,7.716,4.350765401186791
2660,-30.723280000000003,275.9,17.4,7.652,4.3251901431578945
2670,-30.555963636363636,276.525,16.9,7.662,4.299701710433436
2680,-30.482960000000002,277.15,17.8,7.644,4.274305100350877
2690,-30.553309090909092,277.775,17.6,7.648,4.249005310247679
2700,-30.642763636363636,278.4,16.1,7.678,4.2238073374613005
2710,-30.75229090909091,278.8225806451613,14.6,7.708,4.198716179329205
2720,-30.853745454545454,278.43548387096774,13.7,7.726,4.173736833188855
2730,-30.918618181818182,278.0483870967742,10.0,7.8,4.148874296377709
2740,-30.95588,277.6612903225806,9.3,7.814,4.124133566233231
2750,-30.960254545454543,277.2741935483871,6.4,7.872,4.09951964009288
2760,-30.94396923076923,276.88709677419354,1.3,7.974,4.075037515294118
2770,-30.949815384615384,276.5,-0.1,8.002,4.0506921891744065
2780,-30.889499999999998,276.11290322580646,-1.0,8.02,4.026488659071208
2790,-30.800727272727272,275.7258064516129,-2.8,8.056,4.002431922321982
2800,-30.717745454545454,275.3387096774194,-2.3,8.046,3.9785269762641904
2810,-30.659018181818183,275.247572815534,-1.1,8.022,3.9547788182352943
2820,-30.60536,275.18932038834953,0.9,7.982,3.9311924455727554
2830,-30.559418181818184,275.13106796116506,3.8,7.924,3.907772855614035
2840,-30.54832,275.0728155339806,5.1,7.898,3.8845250456965945
2850,-30.5148,275.0145631067961,2.6,7.948,3.861454013157895
2860,-30.4476,274.95631067961165,0.9,7.982,3.8385647553353976
2870,-30.444399999999998,274.8980582524272,0.8,7.984,3.815862269566564
2880,-30.48488,274.8398058252427,-0.8,8.016,3.793351553188854
2890,-30.561272727272726,274.78155339805824,-1.7,8.034,3.7710376035397317
2900,-30.598,274.72330097087377,0.4,7.992,3.7489254179566562
2910,-30.526727272727275,274.91818181818184,3.1,7.938,3.72701999377709
2920,-30.5196,275.28181818181815,3.8,7.924,3.7053263283384936
2930,-30.562945454545456,275.6454545454545,3.5,7.93,3.6838494189783284
2940,-30.6016,276.0090909090909,3.7,7.926,3.662594263034056
2950,-30.613963636363636,276.26851851851853,4.7,7.906,3.641565857843137
2960,-30.5988,276.11111111111114,3.0,7.94,3.620769200743034
2970,-30.578363636363637,275.9537037037037,0.9,7.982,3.6002092890712074
2980,-30.56296,275.7962962962963,2.8,7.944,3.5798911201651187
2990,-30.570133333333334,275.6388888888889,4.9,7.902,3.5598196913622293
3000,-30.623272727272727,275.4814814814815,3.3,7.934,3.54
3010,-30.682036363636364,275.3240740740741,2.4,7.952,3.5203795902791626
3020,-30.6904,275.1666666666667,4.5,7.91,3.500901025324028
3030,-30.682763636363635,275.0092592592593,5.4,7.892,3.481561830857428
3040,-30.704254545454546,274.85185185185185,6.2,7.876,3.4623595326021936
3050,-30.639963636363635,274.69444444444446,8.3,7.834,3.443291656281157
3060,-30.71250909090909,274.63417085427136,8.5,7.83,3.424355727617148
3070,-30.83576,274.71959798994976,7.5,7.85,3.4055492723330008
3080,-30.83501818181818,274.80502512562816,4.7,7.906,3.3868698161515454
3090,-30.704472727272726,274.89045226130656,5.4,7.892,3.368314884795613
3100,-30.496,274.97587939698496,9.8,7.804,3.3498820039880357
3110,-30.276466666666668,275.0613065326633,8.8,7.824,3.3315686994516454
3120,-30.1508,275.1467336683417,9.5,7.81,3.313372496909272
3130,-30.099107692307694,275.2321608040201,12.8,7.744,3.295290922083749
3140,-30.024333333333335,275.3175879396985,13.4,7.732,3.2773215006979064
3150,-29.921692307692307,275.4030150753769,12.7,7.746,3.259461758474576
3160,-29.800545454545453,275.4884422110553,12.9,7.742,3.24170922113659
3170,-29.68283333333333,275.57386934673366,11.0,7.78,3.2240614144067794
3180,-29.615166666666667,275.65929648241206,10.5,7.79,3.206515864007976
3190,-29.5655,275.74472361809046,11.3,7.774,3.189070095663011
3200,-29.531345454545455,275.83015075376886,14.3,7.714,3.1717216350947157
3210,-29.473679999999998,275.91557788944726,13.2,7.736,3.154468008025922
3220,-29.363046153846152,276.00100502512566,12.1,7.758,3.137306740179462
3230,-29.22824,276.086432160804,12.6,7.748,3.120235357278166
3240,-29.10767272727273,276.1718592964824,12.7,7.746,3.1032513850448655
3250,-29.036933333333334,276.2572864321608,12.6,7.748,3.086352349202393
3260,-28.9916,275.72857142857146,11.7,7.766,3.0695357754735797
3270,-28.934742857142854,274.5857142857143,11.4,7.772,3.0527991895812563
3280,-28.857,273.4428571428572,11.0,7.78,3.036140117248255
3290,-28.782363636363637,273.1425675675676,15.5,7.69,3.019556084197408
3300,-28.778327272727275,273.2033783783784,18.8,7.624,3.0030446161515454
3310,-28.908,273.2641891891892,21.6,7.568,2.9866032388334993
3320,-29.152,273.325,22.1,7.558,2.9702294779661016
3330,-29.502181818181818,273.3858108108108,20.8,7.584,2.9539208592721833
3340,-29.6797,273.44662162162166,19.5,7.61,2.9376749084745764
3350,-29.677563636363637,273.50743243243244,19.3,7.614,2.9214891512961114
3360,-29.678,273.5682432432433,18.4,7.632,2.905361113459621
3370,-29.76592727272727,273.62905405405405,16.5,7.67,2.889288320687936
3380,-29.932666666666666,273.6898648648649,15.3,7.694,2.873268298703888
3390,-30.042,273.75067567567567,14.7,7.706,2.857298573230309
3400,-30.06366666666667,273.8114864864865,13.6,7.728,2.8413766699900296
3410,-30.0736,273.8722972972973,12.9,7.742,2.825500114705882
3420,-30.093866666666667,273.9331081081081,13.7,7.726,2.809666433100698
3430,-30.098166666666668,273.9939189189189,17.3,7.654,2.793873150897308
3440,-30.1056,274.0927835051546,19.0,7.62,2.778117793818544
3450,-30.162153846153846,274.1958762886598,15.7,7.686,2.7623978875872384
3460,-30.25969230769231,274.29896907216494,12.3,7.754,2.746710957926221
3470,-30.28703448275862,274.4020618556701,11.4,7.772,2.731054530558325
3480,-30.2968275862069,274.50515463917526,13.2,7.736,2.7154261312063808
3490,-30.306620689655173,274.6082474226804,10.8,7.784,2.6998232855932205
3500,-30.35307368421053,274.7113402061856,9.8,7.804,2.684243519441675
3510,-30.4036,274.8144329896907,11.8,7.764,2.6686843584745765
3520,-30.535933333333332,274.91752577319585,11.9,7.762,2.6531433284147554
3530,-30.57461818181818,274.97241379310344,14.8,7.704,2.637617954985045
3540,-30.51912727272727,274.8344827586207,16.5,7.67,2.6221057639082748
3550,-30.420923076923078,274.6965517241379,17.3,7.654,2.606604280907278
3560,-30.3241,274.5586206896552,17.5,7.65,2.5911110317048847
3570,-30.24866666666667,274.4206896551724,14.9,7.702,2.5756235420239277
3580,-30.163333333333334,274.28275862068966,13.0,7.74,2.560139337587238
3590,-30.0897,274.1448275862069,13.4,7.732,2.544655944117647
3600,-30.017366666666668,274.00689655172414,13.9,7.722,2.529170887337986
3610,-29.9052,273.86896551724135,16.9,7.662,2.513681692971087
3620,-29.812666666666665,273.7310344827586,17.2,7.656,2.49818588673978
3630,-29.86264,273.5931034482758,18.1,7.638,2.4826809943668993
3640,-29.907306666666667,273.4551724137931,16.5,7.67,2.4671645415752743
3650,-29.935573333333334,273.35102040816327,13.9,7.722,2.451634054087737
3660,-30.051028571428574,273.269387755102,16.2,7.676,2.4360870576271187
3670,-30.189054545454546,273.1877551020408,21.1,7.578,2.420521077916251
3680,-30.3184,273.1061224489796,22.6,7.548,2.404933640677966
3690,-30.408307692307694,273.0244897959184,19.4,7.612,2.389322271635095
3700,-30.469846153846152,272.9070796460177,16.3,7.674,2.373684496510468
3710,-30.4124,272.77433628318585,17.9,7.642,2.358017841026919
3720,-30.317233333333334,272.64159292035396,17.4,7.652,2.342319830907278
3730,-30.2404,272.5088495575221,14.7,7.706,2.326587991874377
3740,-30.231963636363638,272.37610619469024,15.7,7.686,2.310819849651047
3750,-30.2956,272.2433628318584,19.1,7.618,2.2950129299601194
3760,-30.389815384615385,272.1106194690266,21.2,7.576,2.2791647585244266
3770,-30.49196923076923,271.9778761061947,20.7,7.586,2.2632728610667994
3780,-30.541999999999998,271.84513274336285,18.9,7.622,2.2473347633100693
3790,-30.662399999999998,271.71238938053096,22.0,7.56,2.2313479909770684
3800,-30.775733333333335,271.57964601769913,27.8,7.444,2.215310069790628
3810,-30.804266666666667,271.812,30.2,7.396,2.199218525473579
3820,-30.881600000000002,272.592,28.7,7.426,2.1830708837487536
3830,-30.986933333333333,273.372,25.3,7.494,2.166864670338983
3840,-31.05803636363636,274.152,22.6,7.548,2.1505974109670984
3850,-31.058833333333332,274.93199999999996,21.7,7.566,2.1342666313559318
3860,-31.043,275.3821428571428,22.9,7.542,2.1178698572283152
3870,-31.050615384615384,275.3375,24.1,7.518,2.1014046143070786
3880,-31.09,275.29285714285714,24.1,7.518,2.0848684283150547
3890,-31.158649999999998,275.24821428571425,24.1,7.518,2.0682588249750746
3900,-31.1719,275.2035714285714,23.1,7.538,2.05157333000997
3910,-31.1762,275.15892857142853,23.0,7.54,2.034809469142572
3920,-31.189353846153846,275.1142857142857,24.3,7.514,2.017964768095713
3930,-31.222,275.0696428571428,22.8,7.544,2.0010367525922232
3940,-31.229999999999997,275.025,22.6,7.548,1.9840229483549354
3950,-31.1801,274.98035714285714,27.6,7.448,1.9669208811066796
3960,-31.122707692307692,274.93571428571425,28.9,7.422,1.9497280765702891
3970,-31.0788,274.8542857142857,27.7,7.446,1.932442060468594
3980,-31.06229090909091,274.62571428571425,26.0,7.48,1.9150603585244264
3990,-31.067999999999998,274.39714285714285,23.2,7.536,1.897580496460618
4000,-31.04,274.1685714285714,22.9,7.542,1.88
4010,-31.012,273.94,23.2,7.536,1.8623508674751004
4020,-30.97046153846154,273.71142857142854,23.7,7.526,1.844666981503873
4030,-30.91453333333333,273.48285714285714,25.7,7.486,1.8269486942372881
4040,-30.91186666666667,273.2542857142857,29.3,7.414,1.809196357826315
4050,-30.76593846153846,273.0257142857143,32.6,7.348,1.791410324421923
4060,-30.66796923076923,272.79714285714283,34.1,7.318,1.773590946175083
4070,-30.629,272.56857142857143,34.0,7.32,1.755738575236764
4080,-30.619230769230768,272.34,33.4,7.332,1.7378535637579355
4090,-30.527538461538462,272.1114285714286,30.0,7.4,1.7199362638895683
4100,-30.46090909090909,271.8828571428571,26.9,7.462,1.7019870277826314
4110,-30.4038,271.6979381443299,27.9,7.442,1.6840062075880946
4120,-30.352892307692308,271.6876288659794,31.0,7.38,1.6659941554569282
4130,-30.3132,271.67731958762886,34.5,7.31,1.6479512235401015
4140,-30.30643076923077,271.66701030927834,35.8,7.284,1.6298777639885837
4150,-30.300307692307694,271.6567010309278,32.0,7.36,1.611774128953346
4160,-30.317733333333333,271.6463917525773,27.8,7.444,1.5936406705853572
4170,-30.373485714285714,271.63608247422684,29.8,7.404,1.5754777410355874
4180,-30.442914285714288,271.6257731958763,31.0,7.38,1.557285692455006
4190,-30.4728,271.6154639175258,30.4,7.392,1.5390648769945834
4200,-30.43146666666667,271.6051546391753,33.5,7.33,1.5208156468052885
4210,-30.3221,271.6857142857143,37.8,7.244,1.5025383540380917
4220,-30.207466666666665,271.8571428571429,38.6,7.228,1.4842333508439631
4230,-30.186133333333334,272.02857142857147,37.4,7.252,1.4659009893738713
4240,-30.1696,272.20000000000005,35.4,7.292,1.447541621778787
4250,-30.1374,272.37142857142857,33.8,7.324,1.4291556002096801
4260,-30.146553846153846,272.54285714285714,34.1,7.318,1.4107432768175199
4270,-30.233904000000003,272.7142857142857,35.9,7.282,1.3923050037532763
4280,-30.320944,272.7029850746269,38.6,7.228,1.3738411331679188
4290,-30.407984,272.5089552238806,38.1,7.238,1.3553520172124176
4300,-30.560215384615383,272.3149253731343,35.9,7.282,1.3368380080377424
4310,-30.711784615384616,272.1208955223881,36.6,7.268,1.3182994577948628
4320,-30.7604,271.9268656716418,37.7,7.246,1.2997367186347488
4330,-30.80206666666667,271.7328358208955,40.7,7.186,1.2811501427083696
4340,-30.872676923076924,271.53880597014927,43.6,7.128,1.2625400821666954
4350,-30.9266,271.4789473684211,43.5,7.13,1.2439068891606964
4360,-30.971876923076923,271.4526315789474,42.2,7.156,1.225250915841342
4370,-31.0528,271.4263157894737,44.8,7.104,1.2065725143596016
4380,-31.0964,271.40000000000003,46.7,7.066,1.1878720368664453
4390,-31.049466666666667,271.37368421052633,47.6,7.048,1.169149835512843
4400,-31.039857142857144,271.34736842105264,48.6,7.028,1.1504062624497637
4410,-31.075233333333337,271.32105263157894,46.3,7.074,1.1316416698281786
4420,-31.179566666666666,271.2947368421053,40.4,7.192,1.1128564097990565
4430,-31.2968,271.2684210526316,39.2,7.216,1.094050834513367
4440,-31.4157,271.2421052631579,40.0,7.2,1.0752252961220805
4450,-31.484266666666667,271.21578947368425,36.6,7.268,1.0563801467761662
4460,-31.5024,271.18947368421055,36.7,7.266,1.0375157386265943
4470,-31.47870769230769,271.16315789473686,40.4,7.192,1.0186324238243345
4480,-31.486533333333334,271.13684210526316,43.2,7.136,0.9997305545203564
4490,-31.49796923076923,271.1105263157895,46.7,7.066,0.9808104828656299
4500,-31.4914,270.9775510204082,48.3,7.034,0.9618725610111246
4510,-31.4524,270.77346938775514,48.6,7.028,0.9429171411078104
4520,-31.1728,270.56938775510207,45.4,7.092,0.9239445753066572
4530,-31.0903,270.365306122449,40.9,7.182,0.9049552157586347
4540,-31.057046153846155,270.1612244897959,40.9,7.182,0.8859494146147125
4550,-31.09790769230769,269.95714285714286,42.9,7.142,0.8669275240258604
4560,-31.140984615384614,269.75306122448984,45.1,7.098,0.8478898961430484
4570,-31.167815384615384,269.54897959183677,45.5,7.09,0.8288368831172461
4580,-31.211046153846155,269.3448979591837,43.2,7.136,0.8097688370994234
4590,-31.304057142857143,269.1408163265306,42.9,7.142,0.7906861102405497
4600,-31.514342857142857,269.2018181818182,45.5,7.09,0.7715890546915953
4610,-31.6812,269.32909090909095,47.2,7.056,0.7524780226035296
4620,-31.709046153846153,269.4563636363637,45.9,7.082,0.7333533661273223
4630,-31.616061538461537,269.5836363636364,45.6,7.088,0.7142154374139437
4640,-31.55236923076923,269.7109090909091,47.6,7.048,0.695064588614363
4650,-31.555969230769232,269.8404761904762,46.3,7.074,0.6759011718795502
4660,-31.52883076923077,269.97539682539684,45.0,7.1,0.6567255393604752
4670,-31.499384615384617,270.11031746031745,48.3,7.034,0.6375380432081076
4680,-31.524,270.2452380952381,52.7,6.946,0.6183390355734171
4690,-31.654333333333334,270.3801587301587,54.2,6.916,0.5991288686073737
4700,-31.727942857142857,270.5150793650794,52.6,6.948,0.579907894460947
4710,-31.793015384615384,270.65000000000003,52.3,6.954,0.5606764652851067
4720,-31.86586666666667,270.78492063492064,53.1,6.938,0.5414349332308229
4730,-31.932533333333332,270.9198412698413,52.7,6.946,0.5221836504490652
4740,-31.97436923076923,271.0547619047619,52.3,6.954,0.502922969090803
4750,-32.01032,271.18968253968256,56.2,6.8759999999999994,0.48365324130700676
4760,-32.0355,271.32460317460317,62.5,6.75,0.4643748192486458
4770,-31.982499999999998,271.45952380952383,67.0,6.66,0.4450880550666898
4780,-31.94286153846154,271.46216216216214,68.4,6.632,0.425793300912109
4790,-31.927085714285717,271.4081081081081,67.8,6.644,0.40649090893587275
4800,-31.880307692307692,271.3540540540541,66.7,6.666,0.3871812312889509
4810,-31.649846153846152,271.3,65.8,6.684,0.3678646201223134
4820,-31.31636923076923,271.24594594594595,64.4,6.712,0.34854142758692996
4830,-31.095054545454545,271.1918918918919,60.6,6.788,0.32921200583377
4840,-31.026225,271.1378378378378,56.8,6.864,0.3098767070138039
4850,-31.027475,271.08378378378376,54.1,6.918,0.290535883278001
4860,-30.985714285714284,271.0297297297297,51.1,6.978,0.2711898867773311
4870,-30.931428571428572,270.9756756756757,48.3,7.034,0.2518390696627642
4880,-30.87809230769231,270.9216216216216,46.6,7.068,0.23248378408526998
4890,-30.828553846153845,270.86756756756756,46.8,7.064,0.21312438219581792
4900,-30.784,270.8135135135135,48.5,7.03,0.19376121614537822
4910,-30.69163076923077,270.75945945945944,49.8,7.004,0.1743946380849205
4920,-30.58630769230769,270.7054054054054,50.7,6.986,0.1550250001654143
4930,-30.526,270.49,52.3,6.954,0.13565265453782976
4940,-30.398615384615383,270.25666666666666,55.0,6.9,0.11627795335313648
4950,-30.3,270.0233333333333,57.1,6.858,0.09690124876230405
4960,-30.239692307692305,269.79,55.8,6.884,0.07752289291630257
4970,-30.24,269.5566666666667,54.7,6.906,0.05814323796610173
4980,-30.230153846153847,269.3233333333333,52.4,6.952,0.038762636062670976
4990,-30.14966153846154,269.24,52.4,6.952,0.01938143935698055
5000,-30.028184615384617,269.17333333333335,53.7,6.926,0.0
5010,-29.90425714285714,269.1066666666667,57.3,6.854,-0.019342964473230365
5020,-29.90282857142857,269.04,60.1,6.798,-0.038610775916912574
5030,-30.041,268.97333333333336,59.9,6.802,-0.057806141263940514
5040,-30.220657142857142,268.9066666666667,59.1,6.818,-0.07693176744720806
5050,-30.357514285714288,268.84000000000003,55.9,6.882,-0.09599036139960908
5060,-30.342657142857142,268.77333333333337,53.4,6.932,-0.11498463005403746
5070,-30.299371428571426,268.7066666666667,54.1,6.918,-0.1339172803433871
5080,-30.24990769230769,268.64000000000004,55.0,6.9,-0.15279101920055185
5090,-30.248984615384614,268.6363636363637,55.3,6.894,-0.17160855355842564
5100,-30.32742857142857,268.72727272727275,57.4,6.852,-0.19037259034990225
5110,-30.369028571428572,268.8181818181818,61.5,6.77,-0.20908583650787566
5120,-30.3256,268.90909090909093,63.3,6.734,-0.2277509989652397
5130,-30.21645714285714,269.0,62.9,6.742,-0.24637078465488824
5140,-30.14566153846154,269.0909090909091,61.7,6.766,-0.26494790050971523
5150,-30.083571428571428,269.1818181818182,60.9,6.782,-0.28348505346261443
5160,-29.982142857142858,269.2727272727273,63.7,6.726,-0.3019849504464799
5170,-29.979971428571428,269.3636363636364,67.5,6.65,-0.3204502983942053
5180,-29.993257142857143,269.4545454545455,69.3,6.614,-0.3388838042386847
5190,-30.0056,269.54545454545456,72.9,6.542,-0.35728817491281184
5200,-29.9696,269.6363636363636,76.1,6.478,-0.37566611734948063
5210,-30.016000000000002,269.72727272727275,77.3,6.454,-0.3940203384815851
5220,-30.100114285714284,269.752688172043,76.5,6.47,-0.4123535452420189
5230,-30.18982857142857,269.51612903225805,78.8,6.4239999999999995,-0.43066844456367603
5240,-30.169999999999998,269.27956989247315,78.6,6.428,-0.4489677433794504
5250,-30.151257142857144,269.0430107526882,81.1,6.378,-0.46725414862223585
5260,-30.1524,268.80645161290323,81.9,6.362,-0.4855303672249262
5270,-30.239257142857145,268.5698924731183,82.2,6.356,-0.5037991061204153
5280,-30.327828571428572,268.33333333333337,80.9,6.382,-0.5220630722415973
5290,-30.412742857142856,268.0967741935484,78.9,6.422,-0.5403249725213658
5300,-30.478457142857142,267.86021505376345,77.7,6.446,-0.5585875138926149
5310,-30.544207999999998,267.6236559139785,75.2,6.496,-0.5768534032882382
5320,-30.609968,267.15000000000003,69.5,6.609999999999999,-0.5951253476411297
5330,-30.711599999999997,266.65000000000003,62.8,6.744,-0.6134060538841835
5340,-30.896933333333333,266.15000000000003,61.9,6.7620000000000005,-0.6316982289502932
5350,-31.082666666666665,265.65000000000003,65.2,6.696,-0.6500045797723527
5360,-31.2688,265.29829545454544,65.1,6.698,-0.668327813283256
5370,-31.3608,265.2926136363636,66.0,6.68,-0.6866706364158969
5380,-31.436514285714285,265.2869318181818,69.8,6.604,-0.7050357561031694
5390,-31.487723076923075,265.28125,73.1,6.538,-0.7234258792779672
5400,-31.464953846153847,265.2755681818182,74.2,6.516,-0.7418437128731843
5410,-31.49048,265.2698863636364,77.2,6.4559999999999995,-0.7602919638217146
5420,-31.516714285714286,265.26420454545456,81.3,6.3740000000000006,-0.7787733390564519
5430,-31.516428571428573,265.25852272727275,84.0,6.32,-0.7972905455102901
5440,-31.43443076923077,265.25284090909093,82.0,6.359999999999999,-0.8158462901161231
5450,-31.323942857142857,265.24715909090907,79.2,6.416,-0.8344432798068446
5460,-31.211013333333334,265.24147727272725,79.1,6.418,-0.8530842215153489
5470,-31.14008,265.23579545454544,76.5,6.47,-0.8717718221745294
5480,-31.074373333333334,265.2301136363636,72.3,6.554,-0.8905087887172805
5490,-31.006285714285713,265.2244318181818,69.3,6.614,-0.9092978280764956
5500,-30.919714285714285,265.21875,70.3,6.594,-0.9281416471850688
5510,-30.88042666666667,265.2130681818182,75.0,6.5,-0.9470429529758938
5520,-30.834880000000002,265.2073863636364,76.3,6.474,-0.9660044523818648
5530,-30.74714666666667,265.20170454545456,78.6,6.428,-0.9850288523358756
5540,-30.605653333333333,265.55,81.9,6.362,-1.0041188597708197
5550,-30.4572,266.05,83.0,6.34,-1.0232771816195916
5560,-30.323866666666667,266.55,83.8,6.324,-1.0425065248150844
5570,-30.188186666666667,267.05,84.5,6.3100000000000005,-1.0618095962901928
5580,-30.078400000000002,267.55,81.3,6.3740000000000006,-1.08118910297781
5590,-30.0304,267.5130681818182,74.3,6.514,-1.1006477518108304
5600,-30.06352,267.41647727272726,68.8,6.6240000000000006,-1.1201882497221476
5610,-30.07216,267.3198863636364,63.9,6.7219999999999995,-1.1398133036446556
5620,-30.030559999999998,267.22329545454545,66.1,6.678,-1.159525620511248
5630,-29.95464,267.1267045454546,69.6,6.6080000000000005,-1.1793279072548195
5640,-29.914114285714287,267.03011363636364,72.4,6.552,-1.1992228708082628
5650,-29.9324,266.93352272727276,72.5,6.55,-1.2192132181044724
5660,-29.995333333333335,266.8369318181818,68.3,6.634,-1.2393016560763421
5670,-30.06305,266.7403409090909,67.8,6.644,-1.2594908916567662
5680,-30.135550000000002,266.64375,69.7,6.606,-1.279783631778638
5690,-30.18216,266.5471590909091,71.6,6.568,-1.3001825833748517
5700,-30.21,266.4505681818182,73.7,6.526,-1.3206904533783006
5710,-30.214000000000002,266.35397727272726,74.2,6.516,-1.3413099487218796
5720,-30.285050000000002,266.25738636363633,73.8,6.524,-1.3620437763384814
5730,-30.351775,266.16079545454545,73.1,6.538,-1.382894643161001
5740,-30.391025,266.0642045454545,72.4,6.552,-1.4038652561223317
5750,-30.40245,265.96761363636364,70.1,6.598,-1.4249583221553674
5760,-30.403175,265.8873684210526,67.6,6.648,-1.446176548193002
5770,-30.414925,265.8452631578947,67.3,6.654,-1.4675226411681295
5780,-30.4558,265.80315789473684,68.7,6.6259999999999994,-1.4889993080136434
5790,-30.5258,265.76105263157893,70.4,6.592,-1.5106092556624382
5800,-30.627975000000003,265.718947368421,71.1,6.578,-1.5323551910474074
5810,-30.68016,265.6768421052631,73.7,6.526,-1.554239821101445
5820,-30.60736,265.63473684210527,76.1,6.478,-1.5762658527574445
5830,-30.53369411764706,265.59263157894736,81.6,6.368,-1.5984359929483003
5840,-30.47149333333333,265.55052631578945,83.4,6.332,-1.6207529486069059
5850,-30.514426666666665,265.5084210526316,83.4,6.332,-1.643219426666156
5860,-30.55544,265.03170731707314,83.4,6.332,-1.665838134058943
5870,-30.59354666666667,264.4463414634146,84.4,6.311999999999999,-1.688611777718162
5880,-30.617013333333333,263.8609756097561,85.7,6.286,-1.7115430645767062
5890,-30.59355,263.27560975609754,84.7,6.306,-1.7346347015674701
5900,-30.5388,262.690243902439,81.6,6.368,-1.7578893956233472
5910,-30.4748,262.1048780487805,78.0,6.4399999999999995,-1.7813098536772316
5920,-30.430266666666665,261.51951219512193,75.9,6.481999999999999,-1.8048987826620166
5930,-30.4052,260.9341463414634,74.2,6.516,-1.8286588895105969
5940,-30.3404,261.25384615384615,71.4,6.572,-1.8525928811558656
5950,-30.278933333333335,262.17692307692306,69.5,6.609999999999999,-1.876703464530717
5960,-30.2208,263.09999999999997,71.1,6.578,-1.900993346568045
5970,-30.264266666666668,264.0230769230769,75.3,6.494,-1.9254652342007437
5980,-30.302933333333335,264.94615384615383,79.0,6.42,-1.9501218343617062
5990,-30.3368,265.86923076923074,76.6,6.468,-1.974965853983827
6000,-30.317866666666667,266.68666666666667,71.4,6.572,-2.0
6010,-30.276799999999998,266.55333333333334,68.6,6.628,-2.025409825273583
6020,-30.2136,266.42,68.3,6.634,-2.0513712794656134
6030,-30.319314285714285,266.28666666666663,68.6,6.628,-2.077872664705507
6040,-30.455199999999998,266.1533333333333,69.9,6.602,-2.104902283122677
6050,-30.6112,266.02,73.8,6.524,-2.132448436846538
6060,-30.682933333333335,265.88666666666666,74.7,6.506,-2.1604994280065055
6070,-30.734533333333335,265.75333333333333,74.7,6.506,-2.1890435587319934
6080,-30.766,265.62,78.2,6.436,-2.2180691311524163
6090,-30.6985,265.4891509433962,82.8,6.344,-2.2475644473971887
6100,-30.620773333333336,265.3806603773585,85.3,6.2940000000000005,-2.2775178095957247
6110,-30.527706666666667,265.27216981132074,83.1,6.338,-2.3079175198774395
6120,-30.554624999999998,265.163679245283,79.0,6.42,-2.338751880371747
6130,-30.59331764705882,265.0551886792453,77.3,6.454,-2.370009193208062
6140,-30.628376470588233,264.94669811320756,81.2,6.3759999999999994,-2.401677760515799
6150,-30.6445,264.8382075471698,87.3,6.254,-2.4337458844243725
6160,-30.648,264.72971698113207,90.8,6.184,-2.4662018670631967
6170,-30.66075,264.6212264150943,90.1,6.198,-2.4990340105616866
6180,-30.707546666666666,264.5127358490566,87.6,6.248,-2.5322306170492563
6190,-30.805413333333334,264.40424528301884,85.1,6.298,-2.5657799886553208
6200,-30.86662857142857,264.29575471698115,82.8,6.344,-2.5996704275092934
6210,-30.906133333333333,264.1872641509434,80.4,6.3919999999999995,-2.6338902357405902
6220,-30.928,264.07877358490566,78.8,6.4239999999999995,-2.6684277154786242
6230,-30.94575,263.9702830188679,79.9,6.402,-2.7032711688528117
6240,-30.998094117647057,263.8617924528302,84.4,6.311999999999999,-2.738408897992565
6250,-31.102329411764707,263.7533018867924,89.4,6.212,-2.7738292050273
6260,-31.12744,263.6448113207547,91.3,6.1739999999999995,-2.8095203920864313
6270,-31.087129411764707,263.536320754717,89.2,6.216,-2.845470761299373
6280,-30.920776470588233,263.42783018867925,85.4,6.292,-2.8816686147955393
6290,-30.802975,263.3193396226415,81.5,6.37,-2.918102254704345
6300,-30.733725,263.21084905660376,77.8,6.444,-2.9547599831552045
6310,-30.741623529411765,263.075,74.2,6.516,-2.991630102277533
6320,-30.766,262.9361111111111,72.0,6.5600000000000005,-3.0287009142007433
6330,-30.822,262.7972222222222,73.1,6.538,-3.065960721054252
6340,-30.88098666666667,262.6296875,75.2,6.496,-3.1033978249674723
6350,-30.92298823529412,262.3953125,75.4,6.492,-3.141000528069819
6360,-30.891929411764707,262.1609375,75.2,6.496,-3.178757132490706
6370,-30.879333333333335,261.9265625,78.7,6.426,-3.216655940359549
6380,-30.8852,261.6921875,83.2,6.336,-3.254685253805762
6390,-30.96066666666667,261.4578125,82.1,6.3580000000000005,-3.292833374958759
6400,-30.9899,261.2234375,77.0,6.46,-3.331088605947955
6410,-30.9729,261.19473684210527,73.1,6.538,-3.369439248902765
6420,-30.91432,261.18888888888887,74.4,6.512,-3.4078736059526022
6430,-30.852293333333336,261.1830409356725,78.4,6.432,-3.4463799792268817
6440,-30.79202666666667,261.1771929824561,77.5,6.45,-3.484946670855018
6450,-30.702092307692308,261.1713450292398,75.3,6.494,-3.5235619829664264
6460,-30.6096,261.16549707602337,75.5,6.49,-3.5622142176905203
6470,-30.52832,261.159649122807,77.5,6.45,-3.6008916771567145
6480,-30.54352,261.1538011695906,79.2,6.416,-3.6395826634944237
6490,-30.566325000000003,261.1479532163743,77.5,6.45,-3.678275478833062
6500,-30.657575,261.14210526315793,73.9,6.522,-3.716958425302045
6510,-30.755074999999998,261.1362573099415,74.1,6.518,-3.7556198050307845
6520,-30.858825,261.1304093567252,76.6,6.468,-3.7942479201486994
6530,-30.925529411764707,261.1245614035088,78.0,6.4399999999999995,-3.8328310727851997
6540,-30.967333333333332,261.11871345029243,78.3,6.434,-3.8713575650697023
6550,-30.926,261.11286549707603,79.5,6.41,-3.9098156991316215
6560,-30.916574999999998,261.1070175438597,78.3,6.434,-3.948193777100372
6570,-30.9307,261.1011695906433,76.7,6.466,-3.986480101105367
6580,-31.0337,260.97636363636366,78.2,6.436,-4.024662973276023
6590,-31.089733333333335,260.8218181818182,81.8,6.364,-4.0627306957417515
6600,-31.0988,260.66727272727275,83.0,6.34,-4.10067157063197
6610,-30.959600000000002,260.51272727272726,83.1,6.338,-4.138473900076092
6620,-30.868000000000002,260.35818181818183,84.6,6.308,-4.176125986203531
6630,-30.824,260.20363636363635,83.8,6.324,-4.213616131143704
6640,-30.85978666666667,260.0490909090909,82.6,6.348,-4.250932637026023
6650,-30.900975000000003,259.89454545454544,83.1,6.338,-4.288063805979902
6660,-30.908224999999998,259.74,82.5,6.35,-4.324997940134759
6670,-30.921775,259.5854545454545,79.6,6.408,-4.361723341620005
6680,-30.938724999999998,259.4309090909091,77.1,6.458,-4.398228312565056
6690,-30.961975,259.64827586206894,77.9,6.442,-4.434501155099326
6700,-30.9341,259.95862068965516,80.3,6.394,-4.470530171352231
6710,-30.8551,260.2689655172414,82.7,6.346,-4.506303663453183
6720,-30.717825,260.5793103448276,84.1,6.318,-4.5418099335315985
6730,-30.564625,260.88965517241377,84.0,6.32,-4.577037283716891
6740,-30.389375,261.2,82.0,6.359999999999999,-4.6119740161384755
6750,-30.2437,261.5103448275862,78.8,6.4239999999999995,-4.646608432925767
6760,-30.114894117647058,261.82068965517243,79.6,6.408,-4.680928836208179
6770,-30.023835294117646,262.10720720720724,83.0,6.34,-4.714923528115125
6780,-29.8933,262.1792792792793,83.4,6.332,-4.748580810776022
6790,-29.70355,262.2513513513514,81.6,6.368,-4.781888986320283
6800,-29.556611764705885,262.32342342342343,78.1,6.438000000000001,-4.814836356877324
6810,-29.433082352941177,262.3954954954955,77.9,6.442,-4.8474112245765575
6820,-29.42390588235294,262.4675675675676,83.0,6.34,-4.879601891547398
6830,-29.41604705882353,262.53963963963963,84.2,6.316,-4.91139665991926
6840,-29.41016470588235,262.6117117117117,85.2,6.295999999999999,-4.942783831821561
6850,-29.333294117647057,262.6837837837838,84.0,6.32,-4.973751709383713
6860,-29.226,262.7558558558558,83.1,6.338,-5.00428859473513
6870,-29.089764705882352,262.82792792792793,85.1,6.298,-5.0343827900052265
6880,-28.992974999999998,262.9,86.7,6.266,-5.0640225973234205
6890,-28.988225,262.3666666666667,85.0,6.3,-5.093196318819122
6900,-28.9819,261.8333333333333,83.8,6.324,-5.121892256621747
6910,-28.9662,261.3,84.5,6.3100000000000005,-5.15009871286071
6920,-28.8722,260.76666666666665,86.2,6.276,-5.177803989665427
6930,-28.85261176470588,260.23333333333335,87.8,6.244,-5.204996389165312
6940,-28.907435294117647,259.7,87.8,6.244,-5.231664213489776
6950,-28.988999999999997,259.1666666666667,85.3,6.2940000000000005,-5.257795764768239
6960,-29.0685,258.6333333333333,84.8,6.304,-5.283379345130111
6970,-29.113,258.1,86.2,6.276,-5.30840325670481
6980,-29.249670588235293,258.0264705882353,87.0,6.26,-5.332855801621747
6990,-29.44778823529412,257.95294117647063,86.7,6.266,-5.3567252820103395
7000,-29.704988235294117,257.8794117647059,85.6,6.288,-5.38
7010,-29.939062857142858,257.8058823529412,84.6,6.308,-5.4027866430712415
7020,-30.054377142857142,257.7323529411765,83.9,6.322,-5.425204992640675
7030,-30.16969142857143,257.6588235294118,83.6,6.328,-5.447262991741861
7040,-30.285005714285717,257.66266666666667,84.7,6.306,-5.468968583408359
7050,-30.383176470588236,257.976,87.3,6.254,-5.490329710673734
7060,-30.474,258.28933333333333,89.1,6.218,-5.511354316571543
7070,-30.596823529411765,258.60266666666666,89.1,6.218,-5.5320503441353495
7080,-30.726533333333332,258.916,89.3,6.214,-5.552425736398714
7090,-30.87231111111111,259.22933333333333,90.3,6.194,-5.572488436395197
7100,-30.95449411764706,259.54266666666666,92.1,6.158,-5.592246387158361
7110,-30.973082352941177,259.856,94.1,6.118,-5.611707531721764
7120,-30.968676923076924,260.1693333333333,96.8,6.064,-5.630879813118971
7130,-30.9985,260.48266666666666,100.7,5.986,-5.649771174383541
7140,-31.0683,260.796,105.4,5.8919999999999995,-5.668389558549035
7150,-31.1112,261.1093333333333,104.9,5.901999999999999,-5.686742908649016
7160,-31.127200000000002,261.42266666666666,96.8,6.064,-5.704839167717042
7170,-31.193270588235293,261.736,88.8,6.224,-5.722686278786676
7180,-31.2808,262.0493333333333,86.2,6.276,-5.740292184891478
7190,-31.372329411764706,262.31627906976746,87.6,6.248,-5.757664829065011
7200,-31.433325,262.39767441860465,90.9,6.182,-5.774812154340836
7210,-31.423075,262.47906976744184,94.9,6.102,-5.7917421037525125
7220,-31.35395294117647,262.5604651162791,98.5,6.03,-5.808462620333602
7230,-31.2596,262.6418604651163,100.6,5.9879999999999995,-5.8249816471176645
7240,-31.17818823529412,262.7232558139535,100.5,5.99,-5.841307127138263
7250,-31.097,262.8046511627907,98.1,6.038,-5.857447003428958
7260,-31.016333333333332,262.8860465116279,94.2,6.116,-5.873409219023312
7270,-30.91835294117647,262.9674418604651,91.4,6.172,-5.889201716954884
7280,-30.803058823529412,262.89465648854963,90.6,6.188000000000001,-5.904832440257235
7290,-30.73030588235294,262.71908396946566,91.5,6.17,-5.920309331963927
7300,-30.66896842105263,262.5435114503817,93.3,6.134,-5.93564033510852
7310,-30.61465263157895,262.3679389312977,94.1,6.118,-5.950833392724578
7320,-30.571360000000002,262.19236641221374,92.3,6.154,-5.965896447845659
7330,-30.57216,262.0167938931298,89.4,6.212,-5.980837443505325
7340,-30.533355555555556,261.8412213740458,88.3,6.234,-5.995664322737138
7350,-30.47757777777778,261.66564885496183,89.8,6.204,-6.0103850285746585
7360,-30.3766,261.49007633587786,90.7,6.186,-6.025007504051447
7370,-30.273482352941176,261.3145038167939,89.8,6.204,-6.039539692201065
7380,-30.196305882352938,261.1389312977099,93.3,6.134,-6.053989536057073
7390,-30.109435294117645,260.96335877862595,96.8,6.064,-6.068364978653034
7400,-30.008023529411762,260.787786259542,100.2,5.996,-6.082673963022508
7410,-29.924575,260.575,102.4,5.952,-6.096924432199056
7420,-29.85350588235294,260.325,99.4,6.012,-6.1111243292162385
7430,-29.824564705882356,260.075,85.5,6.29,-6.125281597107617
7440,-29.852444444444444,259.825,82.9,6.342,-6.139404178906752
7450,-29.965555555555557,259.575,87.1,6.258,-6.1535000176472066
7460,-30.048917647058822,259.325,89.1,6.218,-6.16757705636254
7470,-30.11244705882353,259.075,88.6,6.228,-6.181643238086314
7480,-30.122625,258.825,87.4,6.252,-6.19570650585209
7490,-30.15030588235294,258.575,87.4,6.252,-6.2097748026934285
7500,-30.232658823529412,258.4310975609756,89.0,6.22,-6.223856071643891
7510,-30.279733333333333,258.53475609756094,87.3,6.254,-6.237958255737038
7520,-30.30328888888889,258.63841463414633,82.0,6.359999999999999,-6.252089298006431
7530,-30.294635294117647,258.7420731707317,83.6,6.328,-6.266257141485631
7540,-30.26896470588235,258.84573170731704,90.4,6.192,-6.2804697292082
7550,-30.162611764705883,258.9493902439024,94.8,6.104,-6.2947350042076975
7560,-30.10546666666667,259.0530487804878,94.0,6.12,-6.309060909517685
7570,-30.12213333333333,259.15670731707314,88.2,6.236,-6.323455388171723
7580,-30.1816,259.2603658536585,82.5,6.35,-6.337926383203376
7590,-30.269599999999997,259.3640243902439,80.6,6.388,-6.352481837646201
7600,-30.290399999999998,259.4676829268293,81.9,6.362,-6.367129694533762
7610,-30.290870588235297,259.5713414634146,81.7,6.366,-6.381877896899619
7620,-30.277223529411764,259.675,79.1,6.418,-6.3967343877773315
7630,-30.218635294117647,259.7786585365854,79.3,6.414,-6.411707110200462
7640,-30.115105882352943,259.8823170731707,82.0,6.359999999999999,-6.4268040072025725
7650,-30.007058823529412,259.9859756097561,84.1,6.318,-6.442033021817222
7660,-29.892126315789472,260.0896341463415,83.9,6.322,-6.457402097077974
7670,-29.72538947368421,260.14655172413796,81.1,6.378,-6.472919176018388
7680,-29.56230588235294,260.19827586206895,77.5,6.45,-6.488592201672026
7690,-29.413835294117646,260.25,75.1,6.498,-6.504429117072449
7700,-29.323933333333333,260.30172413793105,74.3,6.514,-6.520437865253215
7710,-29.2926,260.35344827586204,74.8,6.504,-6.53662638924789
7720,-29.24663529411765,260.39503546099286,76.0,6.48,-6.553002632090032
7730,-29.1944,260.34539007092195,76.9,6.462,-6.569574536813203
7740,-29.16865,260.29574468085104,77.1,6.458,-6.586350046450965
7750,-29.105789473684208,260.24609929078014,76.7,6.466,-6.603337104036877
7760,-28.987263157894738,260.1964539007092,77.2,6.4559999999999995,-6.6205436526045025
7770,-28.91,260.14680851063827,79.1,6.418,-6.637977635187399
7780,-28.874,260.09716312056736,80.0,6.4,-6.655646994819133
7790,-28.86138823529412,260.04751773049645,78.2,6.436,-6.6735596745332595
7800,-28.8588,259.9978723404255,75.5,6.49,-6.691723617363344
7810,-28.766564705882352,259.9482269503546,78.1,6.438000000000001,-6.710146766342946
7820,-28.703764705882353,259.8985815602837,81.9,6.362,-6.728837064505627
7830,-28.70964705882353,259.84893617021277,81.4,6.372,-6.7478024548849485
7840,-28.724423529411766,259.7992907801418,79.2,6.416,-6.767050880514469
7850,-28.745129411764704,259.7496453900709,78.4,6.432,-6.786590284427754
7860,-28.840588235294117,259.7,79.2,6.416,-6.806428609658361
7870,-28.94510588235294,259.6242424242424,76.7,6.466,-6.826573799239852
7880,-29.052635294117646,259.54848484848486,74.2,6.516,-6.847033796205788
7890,-29.12162222222222,259.47272727272724,76.7,6.466,-6.86781654358973
7900,-29.152066666666666,259.3969696969697,83.9,6.322,-6.888929984425242
7910,-29.16151111111111,259.3212121212121,87.4,6.252,-6.91038206174588
7920,-29.161955555555554,259.24545454545455,86.6,6.268,-6.932180718585209
7930,-29.1544,259.33061224489796,82.8,6.344,-6.954333897976788
7940,-29.14591111111111,259.65714285714284,77.6,6.448,-6.976849542954181
7950,-29.13702222222222,259.9836734693878,77.7,6.446,-6.999735596550946
7960,-29.149788235294118,260.31020408163266,78.3,6.434,-7.023000001800643
7970,-29.213082352941175,260.63673469387754,75.8,6.484,-7.046650701736837
7980,-29.365473684210524,260.7574468085106,73.8,6.524,-7.070695639393087
7990,-29.577263157894734,260.6723404255319,74.7,6.506,-7.095142757802955
8000,-29.749688888888887,260.5872340425532,76.9,6.462,-7.12
8010,-29.905244444444445,260.50212765957446,76.4,6.4719999999999995,-7.145261602515967
8020,-30.003600000000002,260.41702127659573,72.6,6.548,-7.170916534799005
8030,-30.097717647058825,260.331914893617,68.5,6.63,-7.196964839257287
8040,-30.210894117647058,260.2468085106383,66.0,6.68,-7.223406558298983
8050,-30.30688888888889,260.16170212765957,65.1,6.698,-7.250241734332267
8060,-30.377111111111113,260.07659574468084,65.5,6.6899999999999995,-7.27747040976531
8070,-30.45901052631579,259.9914893617021,67.0,6.66,-7.305092627006283
8080,-30.548694736842105,259.9063829787234,69.3,6.614,-7.333108428463359
8090,-30.563370588235294,259.8212765957447,71.9,6.561999999999999,-7.36151785654471
8100,-30.5459,259.73617021276596,74.3,6.514,-7.390320953658507
8110,-30.666426315789472,259.65106382978723,75.9,6.481999999999999,-7.419517762212924
8120,-30.780835294117647,259.5846153846154,76.4,6.4719999999999995,-7.44910832461613
8130,-30.840188235294118,259.54615384615386,77.4,6.452,-7.479092683276299
8140,-30.987988235294118,259.5076923076923,79.5,6.41,-7.5094708806016035
8150,-31.26845882352941,259.46923076923076,81.8,6.364,-7.540242959000213
8160,-31.529933333333332,259.4307692307693,82.6,6.348,-7.5714089608803
8170,-31.783266666666666,259.3923076923077,80.2,6.396,-7.602968928650038
8180,-32.01256842105263,259.3538461538462,75.3,6.494,-7.634922904717599
8190,-32.2392,259.31538461538463,71.0,6.58,-7.667270931491153
8200,-32.3407,259.26178343949044,69.6,6.6080000000000005,-7.700013051378873
8210,-32.4422,259.1980891719745,69.4,6.612,-7.73314930678893
8220,-32.41998947368421,259.1343949044586,68.4,6.632,-7.766679740129498
8230,-32.39617142857143,259.07070063694266,68.3,6.634,-7.800604393808748
8240,-32.357885714285715,259.0070063694268,70.8,6.584,-7.83492331023485
8250,-32.3196,258.94331210191086,73.1,6.538,-7.8696365318159796
8260,-32.27707368421053,258.87961783439494,75.6,6.4879999999999995,-7.904744100960306
8270,-32.2351619047619,258.815923566879,80.1,6.398,-7.940246060076001
8280,-32.19878095238095,258.7522292993631,81.0,6.38,-7.9761424515712385
8290,-32.1624,258.68853503184715,80.1,6.398,-8.012433317854189
8300,-32.11892631578947,258.6248407643312,81.4,6.372,-8.049118701333024
8310,-32.07650952380952,258.5611464968153,82.2,6.356,-8.086198644415918
8320,-32.04360476190476,258.49745222929937,81.8,6.364,-8.123673189511038
8330,-32.0107,258.43375796178344,80.2,6.396,-8.16154237902656
8340,-31.97858888888889,258.3700636942675,80.0,6.4,-8.199806255370657
8350,-31.928217647058823,258.3063694267516,77.5,6.45,-8.238464860951495
8360,-31.80480588235294,258.55,78.7,6.426,-8.277518238177255
8370,-31.644205263157893,258.8277777777778,76.8,6.464,-8.3169664294561
8380,-31.446415789473683,259.10555555555555,74.5,6.51,-8.356809477196204
8390,-31.242440000000002,259.3833333333333,71.7,6.566,-8.397047423805745
8400,-31.03434,259.6611111111111,71.8,6.564,-8.437680311692887
8410,-30.84706,259.9388888888889,69.9,6.602,-8.478708183265807
8420,-30.673659999999998,260.2166666666667,67.2,6.656,-8.520131080932677
8430,-30.532533333333333,260.49444444444447,64.6,6.708,-8.561949047101665
8440,-30.41292222222222,260.77222222222224,66.2,6.676,-8.604162124180945
8450,-30.36104210526316,261.05,66.3,6.6739999999999995,-8.64677035457869
8460,-30.326094736842105,261.2931034482759,64.6,6.708,-8.689773780703069
8470,-30.350263157894737,261.2241379310345,65.4,6.692,-8.73317244496226
8480,-30.381,261.1551724137931,66.8,6.664,-8.776966389764429
8490,-30.417736842105263,261.08620689655174,67.5,6.65,-8.82115565751775
8500,-30.4508,261.01724137931035,70.5,6.59,-8.865740290630393
8510,-30.4508,260.94827586206895,73.1,6.538,-8.910720331510532
8520,-30.447657894736842,260.87931034482756,71.2,6.576,-8.95609582256634
8530,-30.416236842105263,260.8103448275862,72.4,6.552,-9.001866806205989
8540,-30.38297,260.7413793103448,72.3,6.554,-9.048033324837647
8550,-30.34232,260.72682926829265,67.8,6.644,-9.094595420869489
8560,-30.29997894736842,260.7939024390244,67.8,6.644,-9.141553136709685
8570,-30.250873684210525,260.8609756097561,70.3,6.594,-9.18890651476641
8580,-30.204125,260.9280487804878,73.1,6.538,-9.236655597447834
8590,-30.162875,260.9951219512195,71.3,6.574,-9.28480042716213
8600,-30.140316666666667,261.0621951219512,65.4,6.692,-9.333341046317468
8610,-30.161372222222223,261.1292682926829,63.4,6.732,-9.38227749732202
8620,-30.174223529411766,261.1963414634146,66.5,6.67,-9.43160982258396
8630,-30.178870588235295,261.26341463414633,68.4,6.632,-9.481338064511457
8640,-30.162663157894738,261.33048780487803,65.5,6.6899999999999995,-9.531462265512687
8650,-30.141242105263157,261.39756097560974,62.6,6.748,-9.58198246799582
8660,-30.149994736842103,261.4646341463415,61.7,6.766,-9.632898714369027
8670,-30.1621,261.5317073170732,65.0,6.7,-9.68421104704048
8680,-30.114784210526313,261.5987804878049,68.3,6.634,-9.73591950841835
8690,-30.063788888888887,261.6658536585366,69.3,6.614,-9.788024140910812
8700,-29.979677777777777,261.7329268292683,68.7,6.6259999999999994,-9.840524986926038
8710,-29.90834210526316,261.8,70.4,6.592,-9.893422088872196
8720,-29.866815789473684,261.4056338028169,70.7,6.586,-9.94671548915746
8730,-29.83717619047619,261.0112676056338,69.4,6.612,-10.000405230190003
8740,-29.825366666666667,260.6169014084507,71.9,6.561999999999999,-10.054491354377994
8750,-29.814163157894736,260.2225352112676,73.4,6.532,-10.10897390412961
8760,-29.80437368421053,259.8281690140845,74.6,6.508,-10.163852921853017
8770,-29.80391052631579,259.4338028169014,74.9,6.502,-10.219128449956393
8780,-29.817436842105263,259.0394366197183,72.3,6.554,-10.274800530847907
8790,-29.844672222222222,259.13153846153847,71.5,6.57,-10.330869206935727
8800,-29.885616666666667,259.2776923076923,72.9,6.542,-10.38733452062803
8810,-29.88635,259.42384615384617,74.0,6.52,-10.444196514332988
8820,-29.869850000000003,259.57,73.8,6.524,-10.50145523045877
8830,-29.795214285714287,259.7161538461538,78.1,6.438000000000001,-10.559110711413549
8840,-29.714119047619047,259.8623076923077,83.0,6.34,-10.6171629996055
8850,-29.62462,260.0084615384615,84.2,6.316,-10.675612137442787
8860,-29.53302,260.1546153846154,83.1,6.338,-10.73445816733359
8870,-29.479042857142858,260.3007692307692,81.1,6.378,-10.793701131686081
8880,-29.434471428571428,260.44692307692304,84.0,6.32,-10.853341072908426
8890,-29.409969999999998,260.5930769230769,87.3,6.254,-10.9133780334088
8900,-29.39407,260.73923076923074,85.2,6.295999999999999,-10.973812055595376
8910,-29.4075,260.88538461538457,86.5,6.27,-11.034643181876323
8920,-29.4335,260.84444444444443,91.5,6.17,-11.095871454659816
8930,-29.494344444444444,260.7827160493827,93.5,6.13,-11.157496916354027
8940,-29.57012222222222,260.720987654321,93.5,6.13,-11.219519609367124
8950,-29.60371,260.6592592592592,94.5,6.109999999999999,-11.281939576107282
8960,-29.63261,260.5975308641975,96.8,6.064,-11.344756858982674
8970,-29.63782105263158,260.5358024691358,98.6,6.0280000000000005,-11.40797150040147
8980,-29.6404,260.47407407407405,96.9,6.061999999999999,-11.471583542771839
8990,-29.6523,260.41234567901233,93.7,6.1259999999999994,-11.535593028501959
9000,-29.6642,260.2705882352941,88.6,6.228,-11.6
9010,-29.65945,260.1088235294118,86.0,6.28,-11.665557825931689
9020,-29.6547,259.9470588235294,83.0,6.34,-11.733002062662413
9030,-29.594414285714283,259.785294117647,78.8,6.4239999999999995,-11.802306034149815
9040,-29.53412857142857,259.6235294117647,76.7,6.466,-11.873443064351545
9050,-29.490975,259.4617647058824,80.3,6.394,-11.946386477225246
9060,-29.449724999999997,259.3,84.9,6.302,-12.021109596728575
9070,-29.508085714285713,259.62530120481927,87.0,6.26,-12.097585746819172
9080,-29.577514285714287,259.9506024096386,87.7,6.246,-12.175788251454685
9090,-29.703977777777776,260.27590361445783,85.5,6.29,-12.255690434592765
9100,-29.8447,260.6012048192771,85.4,6.292,-12.33726562019106
9110,-29.907049999999998,260.9265060240964,87.9,6.242,-12.420487132207212
9120,-29.9694,261.25180722891565,89.5,6.21,-12.505328294598874
9130,-29.961663157894737,261.57710843373496,86.6,6.268,-12.59176243132369
9140,-29.959742105263157,261.9024096385542,84.7,6.306,-12.679762866339312
9150,-30.010163157894738,262.0782894736842,82.8,6.344,-12.769302923603384
9160,-30.059994736842103,262.1901315789474,82.9,6.342,-12.860355927073556
9170,-30.10746842105263,262.3019736842105,85.9,6.282,-12.952895200707474
9180,-30.140385714285713,262.4138157894737,90.9,6.182,-13.046894068462784
9190,-30.139338095238095,262.52565789473687,93.9,6.122,-13.142325854297138
9200,-30.154594736842107,262.6375,93.0,6.14,-13.239163882168178
9210,-30.23506842105263,262.74934210526317,92.8,6.144,-13.33738147603356
9220,-30.288385714285713,262.8611842105263,94.5,6.109999999999999,-13.436951959850926
9230,-30.278338095238094,262.97302631578947,96.5,6.07,-13.537848657577921
9240,-30.263166666666667,263.08486842105265,98.5,6.03,-13.640044893172199
9250,-30.2275,263.19671052631577,99.8,6.004,-13.743513990591403
9260,-30.196804545454544,263.30855263157895,100.1,5.998,-13.848229273793182
9270,-30.21085,263.42039473684207,99.1,6.018,-13.954164066735183
9280,-30.224895454545454,263.53223684210525,97.3,6.054,-14.061291693375058
9290,-30.169942857142857,263.6440789473684,96.1,6.078,-14.169585477670449
9300,-30.10732380952381,263.70757575757574,95.7,6.086,-14.279018743579005
9310,-30.047371428571427,263.72272727272724,95.5,6.09,-14.389564815058375
9320,-29.988085714285717,263.7378787878788,94.9,6.102,-14.501197016066206
9330,-29.966036363636366,263.7530303030303,93.6,6.128,-14.613888670560145
9340,-29.959945454545455,263.7681818181818,94.6,6.1080000000000005,-14.727613102497841
9350,-29.963325,263.78333333333336,97.8,6.0440000000000005,-14.84234363583694
9360,-29.976175,263.79848484848486,101.3,5.974,-14.958053594535095
9370,-29.995480952380955,263.968,104.5,5.91,-15.074716302549945
9380,-30.02124285714286,264.1546666666667,105.5,5.890000000000001,-15.192305083839143
9390,-30.042357142857142,264.34133333333335,108.9,5.821999999999999,-15.310793262360333
9400,-30.0565,264.528,107.9,5.842,-15.430154162071169
9410,-30.084233333333334,264.7146666666667,105.4,5.8919999999999995,-15.550361106929293
9420,-30.14367777777778,264.90133333333335,105.0,5.9,-15.671387420892353
9430,-30.188542857142856,265.08799999999997,102.9,5.942,-15.793206427918
9440,-30.21882857142857,264.9756097560975,102.2,5.9559999999999995,-15.91579145196388
9450,-30.24312727272727,264.4146341463415,102.8,5.944,-16.03911581698764
9460,-30.258445454545456,263.8536585365854,102.7,5.946,-16.16315284694693
9470,-30.28216,263.2926829268293,101.4,5.9719999999999995,-16.28787586579939
9480,-30.339460000000003,262.7317073170732,99.2,6.016,-16.413258197502675
9490,-30.39291818181818,262.1707317073171,96.5,6.07,-16.539273166014432
9500,-30.431009090909093,261.609756097561,95.6,6.088,-16.66589409529231
9510,-30.4691,261.0487804878049,98.4,6.032,-16.79309430929395
9520,-30.53250909090909,260.7,101.4,5.9719999999999995,-16.920847131977002
9530,-30.59591818181818,261.30645161290323,97.4,6.052,-17.049125887299123
9540,-30.646547826086955,261.98387096774195,89.0,6.22,-17.17790389921795
9550,-30.693982608695652,262.66129032258067,80.9,6.382,-17.30715449169113
9560,-30.697373913043478,263.22222222222223,76.7,6.466,-17.43685098867632
9570,-30.656721739130433,263.6666666666667,77.9,6.442,-17.566966714131155
9580,-30.623130434782606,263.8128048780488,81.2,6.3759999999999994,-17.697474992013298
9590,-30.617782608695652,263.8310975609756,82.7,6.346,-17.828349146280384
9600,-30.612434782608695,263.84939024390246,82.6,6.348,-17.959562500890065
9610,-30.56473181818182,263.8676829268293,82.2,6.356,-18.091088379799988
9620,-30.51232272727273,263.8859756097561,84.1,6.318,-18.222900106967803
9630,-30.399360869565218,263.90426829268296,84.5,6.3100000000000005,-18.354971006351153
9640,-30.260447826086956,263.92256097560977,85.9,6.282,-18.48727440190769
9650,-30.133266666666668,263.9408536585366,88.8,6.224,-18.619783617595058
9660,-30.023683333333334,263.9591463414634,88.9,6.2219999999999995,-18.75247197737091
9670,-29.9141,263.97743902439026,89.4,6.212,-18.885312805192893
9680,-29.890404347826088,263.9957317073171,89.9,6.202,-19.018279425018644
9690,-29.866708695652175,264.0140243902439,88.3,6.234,-19.151345160805825
9700,-29.868159090909092,264.0323170731707,87.2,6.256,-19.28448333651207
9710,-29.880386363636365,264.0506097560976,87.4,6.252,-19.41766727609504
9720,-29.879269230769232,264.0689024390244,88.1,6.2379999999999995,-19.550870303512376
9730,-29.864807692307693,264.0871951219512,89.0,6.22,-19.684065742721724
9740,-29.850346153846154,264.10548780487807,90.0,6.2,-19.81722691768074
9750,-29.891936363636365,264.1237804878049,91.0,6.18,-19.95032715234706
9760,-29.939754545454544,264.1420731707317,91.9,6.162,-20.08333977067834
9770,-29.998595652173915,264.1603658536585,92.1,6.158,-20.21623809663222
9780,-30.06216086956522,264.1786585365854,92.0,6.16,-20.348995454166353
9790,-30.136850000000003,264.1969512195122,92.4,6.152,-20.48158516723839
9800,-30.228225000000002,264.215243902439,93.6,6.128,-20.613980559805974
9810,-30.3196,264.23353658536587,94.8,6.104,-20.746154955826754
9820,-30.364121739130436,264.2518292682927,95.5,6.09,-20.878081679258372
9830,-30.40864347826087,264.2701219512195,96.3,6.074,-21.009734054058484
9840,-30.396041666666665,264.2884146341463,98.6,6.0280000000000005,-21.141085404184736
9850,-30.358958333333334,264.3067073170732,101.3,5.974,-21.272109053594768
9860,-30.350972727272726,264.325,103.1,5.938000000000001,-21.402778326246235
9870,-30.410881818181817,264.3432926829268,105.5,5.890000000000001,-21.53306654609679
9880,-30.473947826086956,264.3615853658536,107.0,5.859999999999999,-21.662947037104068
9890,-30.56542608695652,264.3798780487805,105.4,5.8919999999999995,-21.792393123225725
9900,-30.65690434782609,264.3981707317073,102.5,5.95,-21.921378128419402
9910,-30.629460869565218,264.38021978021976,99.9,6.002,-22.049875376642756
9920,-30.57228695652174,264.3582417582417,98.9,6.022,-22.17785819185342
9930,-30.53725434782609,264.33626373626373,99.8,6.004,-22.30529989800906
9940,-30.52436304347826,264.3142857142857,101.9,5.962,-22.43217381906731
9950,-30.511471739130435,264.2923076923077,104.1,5.918,-22.55845327898583
9960,-30.49858043478261,264.27032967032966,103.4,5.932,-22.68411160172225
9970,-30.485689130434782,264.2483516483516,100.0,6.0,-22.809122111234235
9980,-30.512588,264.22637362637363,101.5,5.97,-22.93345813147942
9990,-30.543908,264.2043956043956,107.4,5.852,-23.05709298641546
10000,-30.54942,264.1887323943662,111.0,5.779999999999999,-23.18
10010,-30.51622,264.17464788732394,110.2,5.795999999999999,-23.302659524622413
10020,-30.477233333333334,264.1605633802817,109.8,5.804,-23.425567690003884
10030,-30.437291666666667,264.1464788732394,113.4,5.731999999999999,-23.548721486099755
10040,-30.428250000000002,264.13239436619716,113.5,5.73,-23.672117902865384
10050,-30.419208333333334,264.1183098591549,111.5,5.77,-23.795753930256126
10060,-30.4158,264.1042253521127,115.1,5.698,-23.91962655822733
10070,-30.452363636363636,264.09014084507044,120.9,5.582,-24.04373277673434
10080,-30.499354166666667,264.07605633802814,123.3,5.534,-24.168069575732524
10090,-30.5310625,264.0619718309859,124.6,5.508,-24.29263394517722
10100,-30.558125,264.04788732394366,127.3,5.454000000000001,-24.41742287502379
10110,-30.543374999999997,264.0338028169014,127.3,5.454000000000001,-24.54243335522758
10120,-30.590172727272726,264.0197183098592,125.1,5.498,-24.667662375743944
10130,-30.6523,264.0056338028169,124.7,5.506,-24.79310692652824
10140,-30.708184615384617,263.93793103448274,126.1,5.478,-24.918763997535805
10150,-30.759438461538462,263.8344827586207,126.0,5.48,-25.04463057872201
10160,-30.8129,263.7310344827586,124.6,5.508,-25.170703660042197
10170,-30.86456666666667,263.6275862068965,125.0,5.5,-25.29698023145172
10180,-30.927357142857144,263.5241379310345,123.1,5.538,-25.423457282905932
10190,-30.996884615384616,263.4206896551724,120.8,5.584,-25.550131804360177
10200,-31.071907692307693,263.5719626168224,118.6,5.628,-25.677000785769817
10210,-31.142984615384616,263.78691588785045,117.9,5.6419999999999995,-25.804061217090204
10220,-31.209507692307692,264.0018691588785,118.7,5.6259999999999994,-25.931310088276685
10230,-31.282271428571427,264.21682242990653,116.1,5.678,-26.05874438928462
10240,-31.363692307692308,264.43177570093457,111.8,5.763999999999999,-26.18636111006935
10250,-31.456615384615386,264.6467289719626,106.1,5.878,-26.31415724058623
10260,-31.5566,264.86168224299064,104.3,5.914,-26.44212977079062
10270,-31.6572,265.0766355140187,105.5,5.890000000000001,-26.570275690637867
10280,-31.753899999999998,265.2915887850467,106.5,5.87,-26.698591990083322
10290,-31.843666666666667,265.50654205607475,106.5,5.87,-26.82707565908234
10300,-31.9245,265.68805970149253,105.5,5.890000000000001,-26.955723687590268
10310,-31.99973076923077,265.5686567164179,105.1,5.898,-27.084533065562468
10320,-32.086349999999996,265.4492537313433,108.1,5.838,-27.21350078295428
10330,-32.16366153846154,265.3298507462686,111.7,5.766,-27.342623829721067
10340,-32.23191428571429,265.210447761194,110.3,5.7940000000000005,-27.471899195818178
10350,-32.2957,265.09104477611936,111.1,5.7780000000000005,-27.601323871200954
10360,-32.36891428571429,264.97164179104476,114.1,5.718,-27.730894845824768
10370,-32.428944,264.97482014388487,114.5,5.71,-27.86060910964495
10380,-32.480184,265.16187050359713,114.1,5.718,-27.990463652616874
10390,-32.533433333333335,265.34892086330933,115.0,5.699999999999999,-28.12045546469588
10400,-32.60476666666666,265.5359712230216,116.7,5.666,-28.250581535837316
10410,-32.666938461538464,265.7230215827338,116.3,5.6739999999999995,-28.380838855996544
10420,-32.72118571428572,265.91007194244605,116.0,5.68,-28.511224415128908
10430,-32.768463636363634,266.09712230215825,116.1,5.678,-28.641735203189764
10440,-32.806753846153846,266.2841726618705,114.5,5.71,-28.77236821013447
10450,-32.84929230769231,266.4712230215827,114.6,5.708,-28.90312042591837
10460,-32.87125,266.658273381295,119.2,5.616,-29.033988840496818
10470,-32.892376923076924,266.8453237410072,124.9,5.502,-29.164970443825162
10480,-32.93076153846154,267.03237410071944,125.8,5.484,-29.296062225858766
10490,-32.962915384615386,267.21942446043164,123.6,5.5280000000000005,-29.42726117655297
10500,-32.99214,267.4064748201439,120.9,5.582,-29.558564285863135
10510,-33.02180769230769,267.48285714285714,118.3,5.634,-29.68996854374461
10520,-33.06888461538461,267.4485714285714,117.1,5.6579999999999995,-29.82147094015274
10530,-33.120219999999996,267.4142857142857,118.3,5.634,-29.95306846504289
10540,-33.16437857142857,267.38,121.7,5.566,-30.08475810837041
10550,-33.189307142857146,267.3457142857143,123.7,5.526,-30.21653686009064
10560,-33.23185,267.31142857142856,123.5,5.529999999999999,-30.348401710158942
10570,-33.26023333333333,267.27714285714285,122.2,5.556,-30.480349648530666
10580,-33.2725,267.24285714285713,118.8,5.6240000000000006,-30.612377665161166
10590,-33.313884615384616,267.2085714285714,116.5,5.67,-30.744482750005798
10600,-33.360061538461544,267.1742857142857,116.1,5.678,-30.876661893019904
10610,-33.4152,267.14,115.9,5.682,-31.00891208415884
10620,-33.4807,267.10571428571427,119.4,5.612,-31.14123031337796
10630,-33.53641428571429,267.07142857142856,123.7,5.526,-31.27361357063262
10640,-33.593714285714285,267.03714285714284,126.6,5.468,-31.406058845878164
10650,-33.657,267.0028571428571,124.8,5.504,-31.538563129069946
10660,-33.74,266.9685714285714,122.7,5.545999999999999,-31.671123410163325
10670,-33.80585,266.9342857142857,123.5,5.529999999999999,-31.803736679113644
10680,-33.868071428571426,266.9,124.9,5.502,-31.936399925876263
10690,-33.932928571428576,266.8256198347107,124.7,5.506,-32.06911014040652
10700,-34.00178571428572,266.75123966942147,123.3,5.534,-32.201864312659794
10710,-34.06695714285714,266.6768595041322,122.7,5.545999999999999,-32.334659432591415
10720,-34.1251,266.60247933884295,122.8,5.5440000000000005,-32.46749249015674
10730,-34.18145714285714,266.5280991735537,123.1,5.538,-32.60036047531113
10740,-34.241246153846156,266.45371900826444,123.2,5.536,-32.733260378009916
10750,-34.30378,266.3793388429752,123.2,5.536,-32.86618918820846
10760,-34.36738,266.30495867768593,123.0,5.54,-32.99914389586213
10770,-34.436366666666665,266.2305785123967,122.6,5.548,-33.132121490926274
10780,-34.506699999999995,266.1561983471074,122.0,5.5600000000000005,-33.26511896335623
10790,-34.57703333333333,266.08181818181816,121.3,5.574,-33.39813330310734
10800,-34.6507,266.0074380165289,120.9,5.582,-33.531161500135
10810,-34.72776923076923,265.76176470588234,121.0,5.58,-33.66420054439451
10820,-34.80964285714286,265.4970588235294,121.3,5.574,-33.797247425841256
10830,-34.90007142857143,265.2323529411765,122.0,5.5600000000000005,-33.93029913443059
10840,-34.96985,265.2050420168068,123.9,5.522,-34.06335266011784
10850,-35.01936,265.4151260504202,127.2,5.4559999999999995,-34.19640499285838
10860,-35.042226666666664,265.62521008403365,130.2,5.396000000000001,-34.32945312260756
10870,-35.06296,265.8352941176471,129.2,5.416,-34.46249403932073
10880,-35.08764285714286,266.04537815126054,126.7,5.465999999999999,-34.59552473295323
10890,-35.12278571428571,266.255462184874,126.9,5.462,-34.72854219346043
10900,-35.25419,266.4655462184874,127.3,5.454000000000001,-34.86154341079767
10910,-35.39629,266.67563025210086,128.6,5.428,-34.9945253749203
10920,-35.53839,266.8857142857143,130.9,5.382,-35.12748507578369
10930,-35.542812500000004,267.09579831932774,134.1,5.318,-35.26041950334318
10940,-35.537085714285716,267.3058823529412,135.6,5.288,-35.393325647554114
10950,-35.543371428571426,267.5159663865546,139.5,5.21,-35.526200498371864
10960,-35.1705,267.47555555555556,142.7,5.146000000000001,-35.65904104575176
10970,-35.024166666666666,267.26814814814816,147.4,5.052,-35.79184427964918
10980,-35.1465,267.06074074074075,152.5,4.949999999999999,-35.92460719001946
10990,-35.31816666666667,266.85333333333335,153.8,4.9239999999999995,-36.057326766817944
11000,-35.41909375,266.64592592592595,151.4,4.9719999999999995,-36.19
11010,-35.44928125,266.43851851851855,148.9,5.022,-36.32267607177091
11020,-35.384864285714286,266.23111111111115,149.7,5.006,-36.45540615065561
11030,-35.44404285714286,266.02370370370375,153.6,4.928,-36.58819020608892
11040,-35.62456111111111,265.8162962962963,157.8,4.843999999999999,-36.721028207505654
11050,-35.69017222222222,265.6088888888889,160.5,4.79,-36.85392012434062
11060,-35.84002857142857,265.4014814814815,161.1,4.7780000000000005,-36.986865926028635
11070,-36.186457142857144,265.1940740740741,155.9,4.882,-37.119865582004515
11080,-36.21373125,264.9866666666667,153.0,4.9399999999999995,-37.25291906170308
11090,-36.149007142857144,264.8,153.7,4.926,-37.38602633455915
11100,-35.95236428571428,264.8,153.7,4.926,-37.519187370007536
11110,-35.99688421052631,264.8,152.8,4.943999999999999,-37.652402137483044
11120,-36.0682,264.8,153.5,4.93,-37.785670606420496
11130,-36.28366666666666,264.8,155.5,4.890000000000001,-37.91899274625471
11140,-36.36018571428571,264.8,156.8,4.864,-38.052368526420494
11150,-36.28185,264.8,157.1,4.8580000000000005,-38.18579791635267
11160,-36.06035,264.8,157.8,4.843999999999999,-38.31928088548606
11170,-35.74568823529412,264.875,157.4,4.852,-38.45281740325546
11180,-35.3911,264.9583333333333,154.8,4.904,-38.5864074390957
11190,-35.4271,265.1,153.3,4.933999999999999,-38.7200509624416
11200,-35.4367,265.3,150.1,4.998,-38.85374794272795
11210,-35.3847,265.13928571428573,147.7,5.046,-38.98749834938959
11220,-35.40738125,264.9785714285714,147.2,5.056,-39.12130215186134
11230,-35.45222857142857,264.8178571428571,147.2,5.056,-39.255159319578
11240,-35.40851428571429,264.65714285714284,144.6,5.1080000000000005,-39.389069821974374
11250,-35.42596666666667,264.49642857142857,141.0,5.18,-39.5230336284853
11260,-35.50405,264.38,140.0,5.199999999999999,-39.65705070854559
11270,-35.7198,264.33,137.6,5.248,-39.791121031590045
11280,-36.030100000000004,264.28,136.4,5.272,-39.925244567053504
11290,-36.36920555555556,264.23,137.6,5.248,-40.059421284370764
11300,-36.400261111111114,264.18,139.4,5.212,-40.193651152976635
11310,-36.6556294117647,264.13,140.6,5.188000000000001,-40.32793414230595
11320,-37.43439411764706,264.22347826086957,140.3,5.193999999999999,-40.46227022179352
11330,-37.75666,264.5321739130435,140.1,5.198,-40.59665936087415
11340,-37.81424666666666,264.8106818181818,140.8,5.183999999999999,-40.73110152898266
11350,-38.22871333333333,264.8175,140.2,5.196,-40.86559669555388
11360,-38.52759411764706,264.82431818181817,139.8,5.204,-41.00014483002261
11370,-38.74941764705882,264.83113636363635,142.2,5.156000000000001,-41.13474590182366
11380,-39.097899999999996,264.8379545454545,147.7,5.046,-41.26939988039185
11390,-39.42580526315789,266.2925,148.5,5.029999999999999,-41.40410673516202
11400,-39.44185789473684,267.9555555555556,143.1,5.138,-41.53886643556894
11410,-39.387100000000004,265.91111111111115,138.7,5.226,-41.67367895104747
11420,-39.0491,265.42333333333335,139.9,5.202,-41.8085442510324
11430,-38.80362631578947,268.5677777777778,143.6,5.128,-41.94346230495856
11440,-38.77404736842105,269.7872222222222,146.0,5.08,-42.07843308226073
11450,-38.577925,269.08166666666665,148.9,5.022,-42.21345655237378
11460,-38.1319875,268.95473684210526,150.8,4.984,-42.34853268473247
11470,-37.716541176470585,269.0757894736842,151.0,4.98,-42.48366144877167
11480,-37.30753529411765,268.24222222222227,151.9,4.962,-42.61884281392614
11490,-36.88788823529411,267.17,153.5,4.93,-42.75407674963075
11500,-36.63175,267.4582352941177,153.1,4.938000000000001,-42.889363225320274
11510,-36.620875,268.00687500000004,150.7,4.986000000000001,-43.02470221042954
11520,-36.56744666666666,269.163125,152.0,4.96,-43.160093674393366
11530,-36.395019999999995,268.5965,156.5,4.87,-43.29553758664657
11540,-35.96975333333334,267.2915,158.2,4.836,-43.43103391662397
11550,-35.8908,265.08,159.8,4.804,-43.566582633760355
11560,-35.94563333333333,262.9958823529412,162.3,4.754,-43.702183707490576
11570,-36.1893,265.55470588235295,163.3,4.734,-43.837837107249435
11580,-36.29472222222223,265.49249999999995,165.9,4.682,-43.97354280247174
11590,-36.19277777777778,261.49875,168.7,4.626,-44.109300762592305
11600,-36.32469411764706,260.9526315789474,168.9,4.622,-44.245110957045966
11610,-36.61251764705882,261.2684210526316,167.0,4.66,-44.380973355267514
11620,-37.25652941176471,263.90470588235297,165.5,4.6899999999999995,-44.51688792669178
11630,-38.02068421052632,265.2631578947369,166.3,4.6739999999999995,-44.652854640753574
11640,-39.1071052631579,260.4789473684211,167.8,4.644,-44.788873466887715
11650,-40.130747368421055,255.43941176470588,166.2,4.676,-44.924944374529005
11660,-41.007905263157895,249.80411764705883,165.8,4.683999999999999,-45.06106733311228
11670,-42.00123333333333,249.90666666666667,172.0,4.5600000000000005,-45.19724231207234
11680,-43.168816666666665,253.83444444444444,176.1,4.478,-45.33346928084401
11690,-44.3364,254.35473684210527,174.6,4.508,-45.46974820886209
11700,-44.66955151515151,254.02315789473684,173.2,4.536,-45.60607906556142
11710,-45.00270303030303,255.01500000000001,173.8,4.523999999999999,-45.74246182037678
11720,-45.335854545454545,256.03285714285715,175.4,4.492,-45.87889644274303
11730,-45.750209375,255.96142857142857,176.7,4.466,-46.01538290209495
11740,-46.199365625,255.89,176.7,4.466,-46.15192116786737
11750,-46.648521875,257.39,175.2,4.496,-46.288511209495105
11760,-46.81521428571428,258.7166666666667,173.7,4.526,-46.42515299641296
11770,-46.699442857142856,258.48333333333335,173.8,4.523999999999999,-46.56184649805576
11780,-46.58367142857143,258.25,176.5,4.47,-46.698591683858325
11790,-46.4679,258.3772727272727,180.2,4.396000000000001,-46.83538852325545
11800,-46.66017272727273,258.50454545454545,182.6,4.348,-46.97223698568199
11810,-46.85244545454545,257.92555555555555,181.5,4.37,-47.10913704057272
11820,-47.04471818181818,257.17,178.4,4.432,-47.24608865736247
11830,-47.34954117647059,255.92652173913044,175.8,4.484,-47.38309180548605
11840,-47.7026,254.68304347826088,175.5,4.49,-47.5201464543783
11850,-48.05565882352941,254.072,177.2,4.4559999999999995,-47.657252573474004
11860,-48.243306249999996,253.732,179.4,4.412,-47.794410132207986
11870,-48.044993749999996,252.9055,181.0,4.38,-47.93161910001507
11880,-47.846681249999996,251.8705,180.7,4.386,-48.068879446330065
11890,-47.66889393939394,253.00666666666666,179.3,4.414,-48.20619114058779
11900,-47.67583333333333,255.07333333333335,181.7,4.366,-48.34355415222305
11910,-47.68277272727273,256.6281818181818,184.5,4.3100000000000005,-48.48096845067068
11920,-47.68971212121212,257.84181818181816,186.9,4.2620000000000005,-48.618434005365486
11930,-47.70102432432432,256.81545454545454,187.0,4.26,-48.75595078574227
11940,-47.71342972972973,252.4290909090909,183.1,4.338,-48.893518761235875
11950,-47.725835135135135,249.40285714285713,180.2,4.396000000000001,-49.03113790128108
11960,-47.70034705882353,251.81714285714287,182.1,4.3580000000000005,-49.16880817531273
11970,-47.33381764705882,254.05666666666667,182.4,4.352,-49.30652955276564
11980,-46.96728823529412,254.72333333333333,182.2,4.356,-49.444302003074604
11990,-46.60075882352941,255.39,184.8,4.304,-49.582125495674454
12000,-46.5146,252.374,183.6,4.327999999999999,-49.72
12010,-46.5486,249.358,182.7,4.346,-49.85792548548606
12020,-46.5826,247.97727272727272,185.0,4.3,-49.995901921567445
12030,-46.61185,248.23181818181817,187.1,4.258,-50.13392927767897
12040,-46.59835,249.07999999999998,187.9,4.242,-50.27200752325545
12050,-46.58485,251.31333333333333,187.2,4.256,-50.410136627731724
12060,-46.57135,252.90285714285713,187.3,4.254,-50.54831656054258
12070,-46.519000000000005,251.91714285714286,189.0,4.22,-50.686547291122835
12080,-46.45,251.20807692307693,189.9,4.202,-50.824828788907304
12090,-46.381,252.98884615384614,193.4,4.132,-50.96316102333083
12100,-46.312,254.76961538461538,191.8,4.164,-51.101543963828185
12110,-46.402899999999995,254.96526315789473,188.7,4.226,-51.23997757983422
12120,-46.6004,253.5757894736842,192.8,4.144,-51.37846184078372
12130,-46.7979,252.50727272727272,195.1,4.098,-51.51699671611153
12140,-46.9954,251.65272727272728,196.6,4.068,-51.65558217525245
12150,-47.098841176470586,251.1909090909091,197.1,4.058,-51.79421818764129
12160,-47.202282352941175,251.3181818181818,200.1,3.998,-51.932904722712884
12170,-47.305723529411765,251.3790909090909,199.6,4.008,-52.071641749902035
12180,-47.40473076923077,251.17454545454544,198.8,4.023999999999999,-52.210429238643556
12190,-47.50078205128205,250.97,201.0,3.979999999999999,-52.349267158372264
12200,-47.59683333333333,250.34142857142857,197.8,4.044,-52.488155478522984
12210,-47.692884615384614,249.71285714285716,197.1,4.058,-52.62709416853052
12220,-47.70061515151515,249.47,200.6,3.988,-52.766083197829694
12230,-47.67049393939394,249.26999999999998,205.3,3.894,-52.90512253585531
12240,-47.64037272727273,249.13666666666666,209.9,3.802,-53.0442121520422
12250,-47.57282941176471,249.01999999999998,210.9,3.782,-53.18335201582517
12260,-47.44915294117647,249.02166666666665,209.6,3.808,-53.32254209663903
12270,-47.325476470588235,249.20083333333332,209.9,3.802,-53.46178236391861
12280,-47.2018,249.38,207.2,3.856,-53.601072787098715
12290,-47.28008571428571,249.16095238095238,209.1,3.818,-53.740413335614164
12300,-47.35837142857143,248.94190476190474,214.2,3.716,-53.87980397889978
12310,-47.43665714285714,249.7345,219.9,3.601999999999999,-54.01924468639035
12320,-47.514942857142856,250.6395,221.9,3.5619999999999994,-54.158735427520725
12330,-47.54530379746836,249.19181818181818,217.0,3.66,-54.298276171725696
12340,-47.5636835443038,247.48272727272726,215.4,3.692,-54.4378668884401
12350,-47.58206329113924,246.12363636363636,221.6,3.5679999999999996,-54.57750754709872
12360,-47.600443037974685,244.91454545454545,227.0,3.46,-54.7171981171364
12370,-47.61882278481013,244.02521739130435,228.1,3.4379999999999997,-54.85693856798794
12380,-47.63720253164557,243.45565217391305,228.7,3.426,-54.996728869088166
12390,-47.65558227848101,243.32380952380953,230.2,3.396,-55.13656898987188
12400,-47.673962025316456,244.94285714285715,234.8,3.3039999999999994,-55.27645889977392
12410,-47.828313513513514,246.45772727272728,238.7,3.226,-55.416398568229084
12420,-47.997772972972975,247.035,239.9,3.202,-55.55638796467219
12430,-48.16723243243243,247.6122727272727,238.1,3.2380000000000004,-55.696427058538056
12440,-48.2966,246.95,237.6,3.248,-55.83651581926149
12450,-48.2656,246.15,238.3,3.234,-55.97665421627731
12460,-48.2346,245.93,237.5,3.25,-56.11684221902035
12470,-48.2036,246.09666666666666,234.8,3.3039999999999994,-56.2570797969254
12480,-48.1881,245.74,230.0,3.3999999999999995,-56.397366919427284
12490,-48.1881,244.85999999999999,225.4,3.492,-56.53770355596081
12500,-48.1881,244.42,221.2,3.5760000000000005,-56.67808967596081
