years_bp,geomagnetic_vadm
0,8.49
1,8.482
2,8.476
3,8.466
4,8.458
5,8.45
6,8.44
7,8.43
8,8.418
9,8.406
10,8.394
11,8.382
12,8.372
13,8.366
14,8.36
15,8.358
16,8.358
17,8.36
18,8.36
19,8.358
20,8.356
21,8.35
22,8.342
23,8.33
24,8.32
25,8.308
26,8.298
27,8.29
28,8.282
29,8.276
30,8.268
31,8.258
32,8.248
33,8.238
34,8.23
35,8.22
36,8.214
37,8.208
38,8.204
39,8.2
40,8.194
41,8.188
42,8.178
43,8.168
44,8.156
45,8.144
46,8.134
47,8.126
48,8.12
49,8.118
50,8.118
51,8.118
52,8.118
53,8.116
54,8.114
55,8.112
56,8.11
57,8.112
58,8.116
59,8.122
60,8.128
61,8.134
62,8.136
63,8.136
64,8.134
65,8.13
66,8.126
67,8.122
68,8.12
69,8.12
70,8.124
71,8.13
72,8.136
73,8.14
74,8.142
75,8.142
76,8.14
77,8.134
78,8.126
79,8.12
80,8.114
81,8.11
82,8.11
83,8.11
84,8.112
85,8.112
86,8.112
87,8.108
88,8.102
89,8.098
90,8.092
91,8.088
92,8.088
93,8.086
94,8.086
95,8.086
96,8.084
97,8.08
98,8.076
99,8.072
100,8.068
101,8.064
102,8.06
103,8.058
104,8.058
105,8.056
106,8.056
107,8.056
108,8.058
109,8.056
110,8.054
111,8.05
112,8.044
113,8.036
114,8.026
115,8.012
116,8.0
117,7.986
118,7.972
119,7.962
120,7.952
121,7.946
122,7.942
123,7.942
124,7.944
125,7.946
126,7.95
127,7.95
128,7.95
129,7.948
130,7.946
131,7.942
132,7.942
133,7.942
134,7.944
135,7.946
136,7.952
137,7.958
138,7.968
139,7.978
140,7.992
141,8.006
142,8.016
143,8.026
144,8.032
145,8.036
146,8.038
147,8.04
148,8.042
149,8.046
150,8.054
151,8.066
152,8.08
153,8.1
154,8.12
155,8.14
156,8.158
157,8.17
158,8.178
159,8.18
160,8.18
161,8.174
162,8.166
163,8.156
164,8.144
165,8.132
166,8.12
167,8.106
168,8.092
169,8.076
170,8.06
171,8.044
172,8.03
173,8.02
174,8.012
175,8.01
176,8.01
177,8.014
178,8.018
179,8.022
180,8.024
181,8.022
182,8.018
183,8.01
184,8.002
185,7.992
186,7.982
187,7.972
188,7.962
189,7.952
190,7.942
191,7.934
192,7.93
193,7.928
194,7.93
195,7.934
196,7.94
197,7.944
198,7.95
199,7.954
200,7.956
201,7.958
202,7.958
203,7.956
204,7.956
205,7.952
206,7.948
207,7.942
208,7.934
209,7.926
210,7.914
211,7.906
212,7.896
213,7.89
214,7.884
215,7.88
216,7.876
217,7.87
218,7.862
219,7.852
220,7.84
221,7.824
222,7.81
223,7.796
224,7.782
225,7.77
226,7.758
227,7.746
228,7.734
229,7.72
230,7.708
231,7.696
232,7.684
233,7.676
234,7.67
235,7.668
236,7.668
237,7.668
238,7.67
239,7.67
240,7.674
241,7.676
242,7.678
243,7.678
244,7.678
245,7.674
246,7.67
247,7.668
248,7.664
249,7.664
250,7.666
251,7.668
252,7.674
253,7.678
254,7.686
255,7.692
256,7.698
257,7.704
258,7.71
259,7.714
260,7.72
261,7.724
262,7.73
263,7.736
264,7.74
265,7.746
266,7.752
267,7.758
268,7.762
269,7.768
270,7.772
271,7.774
272,7.776
273,7.776
274,7.774
275,7.772
276,7.77
277,7.77
278,7.772
279,7.778
280,7.786
281,7.796
282,7.806
283,7.816
284,7.824
285,7.832
286,7.84
287,7.846
288,7.854
289,7.86
290,7.868
291,7.876
292,7.882
293,7.886
294,7.89
295,7.892
296,7.894
297,7.896
298,7.896
299,7.898
300,7.902
301,7.906
302,7.91
303,7.916
304,7.922
305,7.928
306,7.934
307,7.94
308,7.948
309,7.956
310,7.964
311,7.972
312,7.978
313,7.986
314,7.992
315,8.0
316,8.01
317,8.018
318,8.026
319,8.034
320,8.038
321,8.042
322,8.042
323,8.04
324,8.036
325,8.034
326,8.032
327,8.032
328,8.036
329,8.042
330,8.05
331,8.058
332,8.064
333,8.07
334,8.074
335,8.076
336,8.076
337,8.074
338,8.072
339,8.07
340,8.07
341,8.07
342,8.072
343,8.076
344,8.078
345,8.076
346,8.072
347,8.064
348,8.056
349,8.046
350,8.038
351,8.032
352,8.026
353,8.022
354,8.018
355,8.014
356,8.008
357,8.002
358,7.994
359,7.984
360,7.976
361,7.968
362,7.96
363,7.956
364,7.952
365,7.95
366,7.948
367,7.946
368,7.944
369,7.942
370,7.938
371,7.936
372,7.93
373,7.926
374,7.92
375,7.916
376,7.91
377,7.902
378,7.896
379,7.89
380,7.884
381,7.878
382,7.874
383,7.872
384,7.872
385,7.874
386,7.874
387,7.876
388,7.874
389,7.87
390,7.864
391,7.858
392,7.85
393,7.844
394,7.838
395,7.834
396,7.828
397,7.822
398,7.816
399,7.808
400,7.8
401,7.794
402,7.79
403,7.788
404,7.788
405,7.79
406,7.79
407,7.788
408,7.784
409,7.78
410,7.774
411,7.766
412,7.76
413,7.752
414,7.744
415,7.7379999999999995
416,7.734
417,7.732
418,7.732
419,7.734
420,7.7379999999999995
421,7.742
422,7.748
423,7.754
424,7.762
425,7.77
426,7.776
427,7.782
428,7.788
429,7.792
430,7.796
431,7.8
432,7.8
433,7.8
434,7.798
435,7.796
436,7.792
437,7.79
438,7.79
439,7.792
440,7.792
441,7.794
442,7.796
443,7.796
444,7.798
445,7.798
446,7.796
447,7.796
448,7.796
449,7.796
450,7.794
451,7.792
452,7.792
453,7.79
454,7.79
455,7.79
456,7.792
457,7.792
458,7.794
459,7.794
460,7.796
461,7.796
462,7.796
463,7.794
464,7.794
465,7.792
466,7.788
467,7.786
468,7.784
469,7.784
470,7.786
471,7.788
472,7.79
473,7.794
474,7.798
475,7.802
476,7.808
477,7.812
478,7.814
479,7.814
480,7.812
481,7.81
482,7.81
483,7.812
484,7.81
485,7.808
486,7.802
487,7.798
488,7.792
489,7.79
490,7.794
491,7.8
492,7.808
493,7.818
494,7.828
495,7.838
496,7.844
497,7.85
498,7.854
499,7.856
500,7.86
501,7.862
502,7.868
503,7.876
504,7.884
505,7.89
506,7.896
507,7.902
508,7.908
509,7.914
510,7.918
511,7.922
512,7.926
513,7.932
514,7.938
515,7.946
516,7.95
517,7.954
518,7.958
519,7.96
520,7.96
521,7.96
522,7.96
523,7.962
524,7.968
525,7.974
526,7.984
527,7.994
528,8.002
529,8.01
530,8.016
531,8.02
532,8.02
533,8.02
534,8.018
535,8.016
536,8.014
537,8.014
538,8.016
539,8.02
540,8.024
541,8.032
542,8.038
543,8.046
544,8.054
545,8.062
546,8.068
547,8.074
548,8.078
549,8.08
550,8.082
551,8.088
552,8.094
553,8.102
554,8.112
555,8.122
556,8.134
557,8.144
558,8.156
559,8.166
560,8.176
561,8.186
562,8.194
563,8.2
564,8.206
565,8.208
566,8.212
567,8.214
568,8.218
569,8.222
570,8.23
571,8.238
572,8.246
573,8.254
574,8.26
575,8.262
576,8.26
577,8.256
578,8.25
579,8.24
580,8.23
581,8.218
582,8.206
583,8.196
584,8.184
585,8.172
586,8.162
587,8.152
588,8.142
589,8.132
590,8.122
591,8.112
592,8.1
593,8.088
594,8.074
595,8.06
596,8.048
597,8.036
598,8.028
599,8.022
600,8.018
601,8.014
602,8.012
603,8.008
604,8.004
605,8.0
606,7.996
607,7.994
608,7.99
609,7.988
610,7.986
611,7.984
612,7.98
613,7.976
614,7.97
615,7.964
616,7.96
617,7.954
618,7.948
619,7.946
620,7.944
621,7.946
622,7.95
623,7.956
624,7.964
625,7.974
626,7.984
627,7.992
628,8.0
629,8.008
630,8.014
631,8.02
632,8.022
633,8.024
634,8.022
635,8.02
636,8.018
637,8.016
638,8.012
639,8.01
640,8.01
641,8.01
642,8.01
643,8.014
644,8.018
645,8.026
646,8.034
647,8.042
648,8.05
649,8.058
650,8.068
651,8.076
652,8.084
653,8.092
654,8.098
655,8.102
656,8.106
657,8.106
658,8.108
659,8.11
660,8.11
661,8.112
662,8.114
663,8.118
664,8.12
665,8.124
666,8.13
667,8.136
668,8.144
669,8.154
670,8.166
671,8.18
672,8.196
673,8.21
674,8.222
675,8.234
676,8.242
677,8.248
678,8.254
679,8.258
680,8.264
681,8.27
682,8.276
683,8.282
684,8.288
685,8.294
686,8.302
687,8.306
688,8.312
689,8.316
690,8.318
691,8.322
692,8.322
693,8.322
694,8.322
695,8.32
696,8.32
697,8.32
698,8.32
699,8.32
700,8.318
701,8.314
702,8.31
703,8.306
704,8.3
705,8.296
706,8.292
707,8.286
708,8.282
709,8.278
710,8.272
711,8.266
712,8.262
713,8.258
714,8.254
715,8.252
716,8.252
717,8.252
718,8.254
719,8.254
720,8.256
721,8.258
722,8.258
723,8.26
724,8.262
725,8.266
726,8.27
727,8.278
728,8.288
729,8.298
730,8.312
731,8.324
732,8.336
733,8.346
734,8.354
735,8.36
736,8.362
737,8.364
738,8.366
739,8.368
740,8.368
741,8.368
742,8.368
743,8.366
744,8.364
745,8.362
746,8.36
747,8.362
748,8.362
749,8.366
750,8.37
751,8.372
752,8.374
753,8.374
754,8.37
755,8.364
756,8.356
757,8.346
758,8.338
759,8.33
760,8.324
761,8.32
762,8.314
763,8.31
764,8.304
765,8.298
766,8.294
767,8.292
768,8.29
769,8.292
770,8.296
771,8.3
772,8.306
773,8.31
774,8.314
775,8.316
776,8.318
777,8.316
778,8.314
779,8.312
780,8.306
781,8.304
782,8.302
783,8.304
784,8.308
785,8.312
786,8.318
787,8.324
788,8.33
789,8.336
790,8.342
791,8.35
792,8.356
793,8.366
794,8.374
795,8.384
796,8.392
797,8.4
798,8.404
799,8.408
800,8.41
801,8.412
802,8.412
803,8.414
804,8.414
805,8.414
806,8.412
807,8.41
808,8.406
809,8.398
810,8.392
811,8.384
812,8.376
813,8.37
814,8.366
815,8.364
816,8.362
817,8.362
818,8.362
819,8.362
820,8.36
821,8.36
822,8.358
823,8.358
824,8.358
825,8.36
826,8.36
827,8.36
828,8.36
829,8.36
830,8.36
831,8.36
832,8.358
833,8.36
834,8.36
835,8.36
836,8.362
837,8.362
838,8.362
839,8.36
840,8.356
841,8.352
842,8.348
843,8.342
844,8.334
845,8.326
846,8.318
847,8.31
848,8.304
849,8.296
850,8.292
851,8.288
852,8.286
853,8.284
854,8.286
855,8.288
856,8.292
857,8.296
858,8.298
859,8.3
860,8.3
861,8.298
862,8.294
863,8.29
864,8.284
865,8.276
866,8.268
867,8.258
868,8.246
869,8.234
870,8.22
871,8.208
872,8.196
873,8.186
874,8.18
875,8.176
876,8.172
877,8.17
878,8.168
879,8.166
880,8.164
881,8.16
882,8.158
883,8.158
884,8.156
885,8.154
886,8.152
887,8.15
888,8.146
889,8.142
890,8.136
891,8.13
892,8.124
893,8.118
894,8.112
895,8.112
896,8.116
897,8.122
898,8.132
899,8.142
900,8.152
901,8.162
902,8.168
903,8.174
904,8.178
905,8.18
906,8.182
907,8.182
908,8.182
909,8.182
910,8.184
911,8.186
912,8.19
913,8.194
914,8.2
915,8.206
916,8.212
917,8.22
918,8.228
919,8.234
920,8.242
921,8.248
922,8.254
923,8.26
924,8.266
925,8.274
926,8.282
927,8.292
928,8.304
929,8.314
930,8.324
931,8.332
932,8.338
933,8.34
934,8.34
935,8.34
936,8.34
937,8.338
938,8.34
939,8.34
940,8.34
941,8.34
942,8.336
943,8.33
944,8.32
945,8.31
946,8.298
947,8.286
948,8.276
949,8.268
950,8.26
951,8.254
952,8.252
953,8.256
954,8.266
955,8.284
956,8.308
957,8.336
958,8.36
959,8.378
960,8.388
961,8.396
962,8.398
963,8.396
964,8.394
965,8.388
966,8.384
967,8.378
968,8.372
969,8.368
970,8.366
971,8.368
972,8.374
973,8.38
974,8.39
975,8.398
976,8.406
977,8.41
978,8.414
979,8.414
980,8.41
981,8.406
982,8.398
983,8.392
984,8.388
985,8.384
986,8.38
987,8.378
988,8.376
989,8.374
990,8.374
991,8.374
992,8.374
993,8.374
994,8.374
995,8.376
996,8.376
997,8.378
998,8.38
999,8.38
1000,8.382
1001,8.382
1002,8.384
1003,8.384
1004,8.386
1005,8.386
1006,8.386
1007,8.386
1008,8.386
1009,8.386
1010,8.386
1011,8.384
1012,8.382
1013,8.382
1014,8.38
1015,8.376
1016,8.374
1017,8.37
1018,8.366
1019,8.362
1020,8.358
1021,8.352
1022,8.346
1023,8.34
1024,8.334
1025,8.326
1026,8.32
1027,8.312
1028,8.304
1029,8.296
1030,8.29
1031,8.282
1032,8.274
1033,8.266
1034,8.26
1035,8.252
1036,8.246
1037,8.24
1038,8.234
1039,8.23
1040,8.226
1041,8.222
1042,8.218
1043,8.216
1044,8.214
1045,8.214
1046,8.214
1047,8.216
1048,8.218
1049,8.222
1050,8.224
1051,8.23
1052,8.234
1053,8.24
1054,8.246
1055,8.252
1056,8.26
1057,8.266
1058,8.274
1059,8.28
1060,8.288
1061,8.296
1062,8.304
1063,8.31
1064,8.318
1065,8.326
1066,8.332
1067,8.338
1068,8.344
1069,8.35
1070,8.354
1071,8.358
1072,8.362
1073,8.366
1074,8.368
1075,8.37
1076,8.372
1077,8.372
1078,8.372
1079,8.374
1080,8.372
1081,8.372
1082,8.37
1083,8.37
1084,8.368
1085,8.366
1086,8.362
1087,8.36
1088,8.358
1089,8.354
1090,8.35
1091,8.346
1092,8.342
1093,8.338
1094,8.334
1095,8.33
1096,8.326
1097,8.322
1098,8.318
1099,8.312
1100,8.308
1101,8.304
1102,8.3
1103,8.296
1104,8.292
1105,8.288
1106,8.284
1107,8.28
1108,8.276
1109,8.274
1110,8.272
1111,8.268
1112,8.266
1113,8.266
1114,8.264
1115,8.264
1116,8.264
1117,8.264
1118,8.264
1119,8.266
1120,8.268
1121,8.27
1122,8.272
1123,8.276
1124,8.28
1125,8.282
1126,8.286
1127,8.29
1128,8.292
1129,8.296
1130,8.298
1131,8.3
1132,8.3
1133,8.302
1134,8.3
1135,8.3
1136,8.296
1137,8.292
1138,8.286
1139,8.28
1140,8.274
1141,8.268
1142,8.264
1143,8.262
1144,8.26
1145,8.26
1146,8.258
1147,8.258
1148,8.256
1149,8.256
1150,8.254
1151,8.254
1152,8.256
1153,8.258
1154,8.26
1155,8.26
1156,8.26
1157,8.256
1158,8.25
1159,8.238
1160,8.222
1161,8.206
1162,8.186
1163,8.17
1164,8.156
1165,8.146
1166,8.136
1167,8.128
1168,8.118
1169,8.108
1170,8.092
1171,8.074
1172,8.062
1173,8.064
1174,8.094
1175,8.152
1176,8.236
1177,8.31
1178,8.356
1179,8.378
1180,8.382
1181,8.38
1182,8.372
1183,8.36
1184,8.346
1185,8.336
1186,8.326
1187,8.32
1188,8.32
1189,8.322
1190,8.33
1191,8.34
1192,8.35
1193,8.36
1194,8.366
1195,8.366
1196,8.362
1197,8.354
1198,8.346
1199,8.34
1200,8.332
1201,8.326
1202,8.322
1203,8.316
1204,8.31
1205,8.304
1206,8.294
1207,8.284
1208,8.272
1209,8.258
1210,8.246
1211,8.234
1212,8.222
1213,8.214
1214,8.208
1215,8.204
1216,8.202
1217,8.2
1218,8.198
1219,8.196
1220,8.196
1221,8.194
1222,8.192
1223,8.188
1224,8.184
1225,8.178
1226,8.17
1227,8.162
1228,8.154
1229,8.148
1230,8.144
1231,8.142
1232,8.14
1233,8.138
1234,8.136
1235,8.136
1236,8.132
1237,8.128
1238,8.124
1239,8.118
1240,8.114
1241,8.114
1242,8.118
1243,8.128
1244,8.138
1245,8.148
1246,8.158
1247,8.166
1248,8.17
1249,8.172
1250,8.172
1251,8.168
1252,8.162
1253,8.156
1254,8.15
1255,8.142
1256,8.138
1257,8.134
1258,8.132
1259,8.132
1260,8.134
1261,8.134
1262,8.136
1263,8.138
1264,8.14
1265,8.142
1266,8.144
1267,8.146
1268,8.148
1269,8.15
1270,8.152
1271,8.154
1272,8.158
1273,8.16
1274,8.164
1275,8.166
1276,8.17
1277,8.172
1278,8.176
1279,8.18
1280,8.184
1281,8.19
1282,8.194
1283,8.2
1284,8.206
1285,8.21
1286,8.218
1287,8.224
1288,8.23
1289,8.238
1290,8.246
1291,8.252
1292,8.26
1293,8.268
1294,8.276
1295,8.284
1296,8.294
1297,8.302
1298,8.31
1299,8.318
1300,8.326
1301,8.336
1302,8.344
1303,8.352
1304,8.36
1305,8.368
1306,8.374
1307,8.382
1308,8.388
1309,8.396
1310,8.402
1311,8.408
1312,8.412
1313,8.418
1314,8.42
1315,8.424
1316,8.426
1317,8.426
1318,8.424
1319,8.422
1320,8.42
1321,8.416
1322,8.41
1323,8.404
1324,8.398
1325,8.392
1326,8.386
1327,8.38
1328,8.374
1329,8.368
1330,8.362
1331,8.356
1332,8.352
1333,8.346
1334,8.342
1335,8.336
1336,8.334
1337,8.33
1338,8.33
1339,8.328
1340,8.33
1341,8.332
1342,8.336
1343,8.342
1344,8.348
1345,8.354
1346,8.362
1347,8.37
1348,8.378
1349,8.384
1350,8.39
1351,8.396
1352,8.402
1353,8.406
1354,8.408
1355,8.41
1356,8.412
1357,8.414
1358,8.414
1359,8.414
1360,8.414
1361,8.414
1362,8.414
1363,8.412
1364,8.412
1365,8.412
1366,8.41
1367,8.41
1368,8.408
1369,8.408
1370,8.406
1371,8.406
1372,8.406
1373,8.406
1374,8.406
1375,8.408
1376,8.408
1377,8.41
1378,8.412
1379,8.414
1380,8.416
1381,8.418
1382,8.42
1383,8.422
1384,8.424
1385,8.428
1386,8.43
1387,8.432
1388,8.434
1389,8.434
1390,8.436
1391,8.436
1392,8.436
1393,8.436
1394,8.434
1395,8.434
1396,8.432
1397,8.432
1398,8.432
1399,8.432
1400,8.434
1401,8.436
1402,8.44
1403,8.444
1404,8.448
1405,8.454
1406,8.46
1407,8.464
1408,8.47
1409,8.476
1410,8.48
1411,8.486
1412,8.492
1413,8.498
1414,8.502
1415,8.508
1416,8.514
1417,8.518
1418,8.522
1419,8.526
1420,8.53
1421,8.532
1422,8.534
1423,8.534
1424,8.534
1425,8.534
1426,8.534
1427,8.532
1428,8.53
1429,8.526
1430,8.52
1431,8.516
1432,8.508
1433,8.502
1434,8.494
1435,8.488
1436,8.482
1437,8.478
1438,8.476
1439,8.476
1440,8.476
1441,8.476
1442,8.476
1443,8.478
1444,8.478
1445,8.478
1446,8.476
1447,8.472
1448,8.47
1449,8.464
1450,8.458
1451,8.45
1452,8.442
1453,8.434
1454,8.424
1455,8.416
1456,8.408
1457,8.4
1458,8.394
1459,8.388
1460,8.384
1461,8.38
1462,8.378
1463,8.374
1464,8.372
1465,8.37
1466,8.368
1467,8.366
1468,8.364
1469,8.366
1470,8.368
1471,8.372
1472,8.378
1473,8.384
1474,8.392
1475,8.398
1476,8.404
1477,8.408
1478,8.41
1479,8.41
1480,8.408
1481,8.402
1482,8.398
1483,8.392
1484,8.384
1485,8.378
1486,8.37
1487,8.362
1488,8.354
1489,8.346
1490,8.338
1491,8.332
1492,8.328
1493,8.326
1494,8.324
1495,8.324
1496,8.324
1497,8.324
1498,8.322
1499,8.316
1500,8.31
1501,8.304
1502,8.296
1503,8.288
1504,8.284
1505,8.28
1506,8.28
1507,8.282
1508,8.284
1509,8.286
1510,8.288
1511,8.29
1512,8.292
1513,8.296
1514,8.3
1515,8.306
1516,8.312
1517,8.318
1518,8.322
1519,8.324
1520,8.328
1521,8.33
1522,8.33
1523,8.332
1524,8.334
1525,8.336
1526,8.338
1527,8.34
1528,8.342
1529,8.346
1530,8.35
1531,8.356
1532,8.366
1533,8.376
1534,8.388
1535,8.398
1536,8.408
1537,8.416
1538,8.42
1539,8.422
1540,8.424
1541,8.424
1542,8.428
1543,8.432
1544,8.438
1545,8.446
1546,8.454
1547,8.462
1548,8.468
1549,8.47
1550,8.47
1551,8.468
1552,8.464
1553,8.458
1554,8.454
1555,8.45
1556,8.446
1557,8.444
1558,8.444
1559,8.442
1560,8.442
1561,8.438
1562,8.436
1563,8.432
1564,8.428
1565,8.424
1566,8.422
1567,8.42
1568,8.422
1569,8.424
1570,8.428
1571,8.43
1572,8.432
1573,8.434
1574,8.432
1575,8.432
1576,8.43
1577,8.428
1578,8.426
1579,8.424
1580,8.42
1581,8.416
1582,8.412
1583,8.408
1584,8.406
1585,8.406
1586,8.406
1587,8.408
1588,8.41
1589,8.414
1590,8.414
1591,8.414
1592,8.412
1593,8.408
1594,8.402
1595,8.398
1596,8.394
1597,8.39
1598,8.39
1599,8.392
1600,8.394
1601,8.398
1602,8.402
1603,8.406
1604,8.408
1605,8.41
1606,8.41
1607,8.408
1608,8.406
1609,8.406
1610,8.406
1611,8.408
1612,8.412
1613,8.416
1614,8.418
1615,8.42
1616,8.42
1617,8.418
1618,8.418
1619,8.416
1620,8.416
1621,8.42
1622,8.424
1623,8.43
1624,8.436
1625,8.444
1626,8.448
1627,8.452
1628,8.452
1629,8.452
1630,8.45
1631,8.448
1632,8.45
1633,8.45
1634,8.452
1635,8.452
1636,8.452
1637,8.452
1638,8.45
1639,8.448
1640,8.446
1641,8.444
1642,8.446
1643,8.446
1644,8.448
1645,8.45
1646,8.452
1647,8.454
1648,8.452
1649,8.448
1650,8.444
1651,8.438
1652,8.43
1653,8.424
1654,8.418
1655,8.41
1656,8.404
1657,8.398
1658,8.392
1659,8.386
1660,8.38
1661,8.374
1662,8.368
1663,8.362
1664,8.354
1665,8.346
1666,8.338
1667,8.328
1668,8.32
1669,8.308
1670,8.298
1671,8.286
1672,8.272
1673,8.26
1674,8.248
1675,8.234
1676,8.224
1677,8.212
1678,8.202
1679,8.194
1680,8.188
1681,8.184
1682,8.18
1683,8.182
1684,8.184
1685,8.188
1686,8.194
1687,8.202
1688,8.21
1689,8.22
1690,8.23
1691,8.24
1692,8.248
1693,8.258
1694,8.268
1695,8.276
1696,8.282
1697,8.288
1698,8.294
1699,8.3
1700,8.304
1701,8.308
1702,8.312
1703,8.316
1704,8.32
1705,8.324
1706,8.328
1707,8.334
1708,8.338
1709,8.344
1710,8.35
1711,8.358
1712,8.364
1713,8.37
1714,8.376
1715,8.382
1716,8.386
1717,8.39
1718,8.394
1719,8.396
1720,8.398
1721,8.398
1722,8.398
1723,8.396
1724,8.396
1725,8.392
1726,8.39
1727,8.388
1728,8.386
1729,8.386
1730,8.384
1731,8.384
1732,8.384
1733,8.386
1734,8.388
1735,8.392
1736,8.396
1737,8.4
1738,8.404
1739,8.408
1740,8.414
1741,8.418
1742,8.424
1743,8.428
1744,8.432
1745,8.436
1746,8.44
1747,8.444
1748,8.446
1749,8.448
1750,8.448
1751,8.448
1752,8.448
1753,8.446
1754,8.444
1755,8.442
1756,8.438
1757,8.436
1758,8.432
1759,8.426
1760,8.422
1761,8.418
1762,8.412
1763,8.408
1764,8.404
1765,8.4
1766,8.396
1767,8.392
1768,8.39
1769,8.386
1770,8.384
1771,8.382
1772,8.38
1773,8.378
1774,8.374
1775,8.372
1776,8.37
1777,8.368
1778,8.366
1779,8.364
1780,8.362
1781,8.362
1782,8.36
1783,8.36
1784,8.36
1785,8.358
1786,8.356
1787,8.356
1788,8.354
1789,8.352
1790,8.35
1791,8.348
1792,8.348
1793,8.346
1794,8.346
1795,8.346
1796,8.346
1797,8.346
1798,8.344
1799,8.342
1800,8.342
1801,8.338
1802,8.336
1803,8.334
1804,8.33
1805,8.326
1806,8.322
1807,8.318
1808,8.312
1809,8.308
1810,8.304
1811,8.298
1812,8.294
1813,8.29
1814,8.286
1815,8.284
1816,8.282
1817,8.28
1818,8.28
1819,8.282
1820,8.284
1821,8.288
1822,8.294
1823,8.3
1824,8.308
1825,8.316
1826,8.326
1827,8.334
1828,8.344
1829,8.352
1830,8.358
1831,8.364
1832,8.368
1833,8.37
1834,8.372
1835,8.374
1836,8.376
1837,8.376
1838,8.378
1839,8.378
1840,8.378
1841,8.38
1842,8.382
1843,8.384
1844,8.386
1845,8.386
1846,8.386
1847,8.384
1848,8.38
1849,8.376
1850,8.368
1851,8.36
1852,8.35
1853,8.34
1854,8.33
1855,8.32
1856,8.31
1857,8.3
1858,8.292
1859,8.284
1860,8.28
1861,8.278
1862,8.278
1863,8.28
1864,8.284
1865,8.29
1866,8.296
1867,8.3
1868,8.306
1869,8.312
1870,8.316
1871,8.32
1872,8.322
1873,8.322
1874,8.322
1875,8.32
1876,8.318
1877,8.316
1878,8.316
1879,8.314
1880,8.312
1881,8.312
1882,8.312
1883,8.314
1884,8.314
1885,8.316
1886,8.32
1887,8.322
1888,8.324
1889,8.328
1890,8.332
1891,8.334
1892,8.338
1893,8.34
1894,8.342
1895,8.344
1896,8.344
1897,8.344
1898,8.342
1899,8.338
1900,8.334
1901,8.328
1902,8.324
1903,8.318
1904,8.312
1905,8.306
1906,8.3
1907,8.296
1908,8.29
1909,8.286
1910,8.282
1911,8.278
1912,8.274
1913,8.27
1914,8.266
1915,8.264
1916,8.262
1917,8.26
1918,8.258
1919,8.26
1920,8.26
1921,8.262
1922,8.264
1923,8.268
1924,8.272
1925,8.276
1926,8.28
1927,8.284
1928,8.288
1929,8.292
1930,8.294
1931,8.296
1932,8.298
1933,8.298
1934,8.298
1935,8.296
1936,8.296
1937,8.296
1938,8.294
1939,8.294
1940,8.294
1941,8.296
1942,8.298
1943,8.3
1944,8.304
1945,8.308
1946,8.314
1947,8.322
1948,8.33
1949,8.336
1950,8.342
1951,8.346
1952,8.35
1953,8.35
1954,8.348
1955,8.344
1956,8.34
1957,8.332
1958,8.324
1959,8.314
1960,8.304
1961,8.292
1962,8.28
1963,8.268
1964,8.258
1965,8.252
1966,8.244
1967,8.24
1968,8.236
1969,8.234
1970,8.232
1971,8.23
1972,8.228
1973,8.226
1974,8.226
1975,8.224
1976,8.222
1977,8.22
1978,8.218
1979,8.216
1980,8.214
1981,8.212
1982,8.212
1983,8.212
1984,8.214
1985,8.218
1986,8.222
1987,8.226
1988,8.232
1989,8.238
1990,8.244
1991,8.25
1992,8.256
1993,8.264
1994,8.27
1995,8.278
1996,8.284
1997,8.29
1998,8.298
1999,8.304
2000,8.312
2001,8.32
2002,8.326
2003,8.334
2004,8.342
2005,8.348
2006,8.354
2007,8.358
2008,8.362
2009,8.364
2010,8.364
2011,8.364
2012,8.362
2013,8.358
2014,8.354
2015,8.348
2016,8.344
2017,8.336
2018,8.33
2019,8.324
2020,8.318
2021,8.31
2022,8.304
2023,8.298
2024,8.292
2025,8.286
2026,8.28
2027,8.274
2028,8.268
2029,8.264
2030,8.258
2031,8.254
2032,8.25
2033,8.246
2034,8.242
2035,8.24
2036,8.238
2037,8.238
2038,8.238
2039,8.24
2040,8.24
2041,8.244
2042,8.246
2043,8.25
2044,8.254
2045,8.256
2046,8.258
2047,8.26
2048,8.26
2049,8.262
2050,8.262
2051,8.262
2052,8.264
2053,8.264
2054,8.264
2055,8.264
2056,8.264
2057,8.264
2058,8.264
2059,8.264
2060,8.262
2061,8.26
2062,8.26
2063,8.258
2064,8.256
2065,8.256
2066,8.254
2067,8.252
2068,8.252
2069,8.25
2070,8.25
2071,8.248
2072,8.248
2073,8.246
2074,8.246
2075,8.244
2076,8.242
2077,8.238
2078,8.234
2079,8.23
2080,8.226
2081,8.22
2082,8.216
2083,8.212
2084,8.208
2085,8.204
2086,8.2
2087,8.196
2088,8.19
2089,8.186
2090,8.182
2091,8.178
2092,8.176
2093,8.172
2094,8.172
2095,8.17
2096,8.172
2097,8.172
2098,8.176
2099,8.178
2100,8.18
2101,8.182
2102,8.182
2103,8.182
2104,8.182
2105,8.182
2106,8.18
2107,8.178
2108,8.178
2109,8.176
2110,8.176
2111,8.174
2112,8.174
2113,8.174
2114,8.176
2115,8.178
2116,8.18
2117,8.182
2118,8.186
2119,8.19
2120,8.196
2121,8.2
2122,8.206
2123,8.212
2124,8.218
2125,8.224
2126,8.228
2127,8.232
2128,8.232
2129,8.232
2130,8.23
2131,8.228
2132,8.222
2133,8.218
2134,8.212
2135,8.204
2136,8.198
2137,8.194
2138,8.188
2139,8.184
2140,8.18
2141,8.178
2142,8.178
2143,8.178
2144,8.18
2145,8.184
2146,8.19
2147,8.196
2148,8.204
2149,8.212
2150,8.222
2151,8.23
2152,8.24
2153,8.25
2154,8.258
2155,8.268
2156,8.276
2157,8.282
2158,8.288
2159,8.292
2160,8.294
2161,8.296
2162,8.294
2163,8.292
2164,8.288
2165,8.284
2166,8.278
2167,8.272
2168,8.266
2169,8.26
2170,8.254
2171,8.25
2172,8.246
2173,8.242
2174,8.242
2175,8.24
2176,8.242
2177,8.244
2178,8.25
2179,8.256
2180,8.264
2181,8.272
2182,8.28
2183,8.288
2184,8.296
2185,8.3
2186,8.302
2187,8.302
2188,8.298
2189,8.292
2190,8.286
2191,8.278
2192,8.268
2193,8.26
2194,8.252
2195,8.244
2196,8.238
2197,8.232
2198,8.228
2199,8.224
2200,8.222
2201,8.22
2202,8.218
2203,8.218
2204,8.218
2205,8.218
2206,8.218
2207,8.218
2208,8.22
2209,8.222
2210,8.222
2211,8.224
2212,8.224
2213,8.224
2214,8.224
2215,8.224
2216,8.224
2217,8.222
2218,8.22
2219,8.218
2220,8.214
2221,8.21
2222,8.204
2223,8.198
2224,8.192
2225,8.186
2226,8.178
2227,8.17
2228,8.162
2229,8.156
2230,8.148
2231,8.14
2232,8.132
2233,8.124
2234,8.116
2235,8.11
2236,8.104
2237,8.098
2238,8.092
2239,8.088
2240,8.082
2241,8.078
2242,8.076
2243,8.072
2244,8.07
2245,8.066
2246,8.064
2247,8.062
2248,8.06
2249,8.058
2250,8.056
2251,8.052
2252,8.05
2253,8.048
2254,8.044
2255,8.04
2256,8.036
2257,8.032
2258,8.028
2259,8.022
2260,8.016
2261,8.008
2262,8.002
2263,7.994
2264,7.986
2265,7.978
2266,7.97
2267,7.96
2268,7.952
2269,7.944
2270,7.934
2271,7.926
2272,7.918
2273,7.91
2274,7.902
2275,7.894
2276,7.888
2277,7.882
2278,7.876
2279,7.87
2280,7.866
2281,7.864
2282,7.86
2283,7.858
2284,7.858
2285,7.858
2286,7.86
2287,7.862
2288,7.866
2289,7.87
2290,7.874
2291,7.878
2292,7.884
2293,7.89
2294,7.898
2295,7.904
2296,7.912
2297,7.918
2298,7.926
2299,7.934
2300,7.942
2301,7.948
2302,7.956
2303,7.962
2304,7.968
2305,7.974
2306,7.98
2307,7.986
2308,7.99
2309,7.994
2310,7.998
2311,8.0
2312,8.002
2313,8.004
2314,8.004
2315,8.004
2316,8.004
2317,8.004
2318,8.004
2319,8.004
2320,8.004
2321,8.004
2322,8.004
2323,8.004
2324,8.004
2325,8.004
2326,8.004
2327,8.004
2328,8.006
2329,8.008
2330,8.01
2331,8.012
2332,8.016
2333,8.02
2334,8.024
2335,8.03
2336,8.038
2337,8.044
2338,8.052
2339,8.06
2340,8.068
2341,8.078
2342,8.088
2343,8.098
2344,8.106
2345,8.118
2346,8.128
2347,8.138
2348,8.148
2349,8.158
2350,8.168
2351,8.178
2352,8.188
2353,8.198
2354,8.208
2355,8.216
2356,8.226
2357,8.234
2358,8.24
2359,8.248
2360,8.254
2361,8.26
2362,8.264
2363,8.27
2364,8.272
2365,8.276
2366,8.28
2367,8.282
2368,8.284
2369,8.286
2370,8.286
2371,8.286
2372,8.286
2373,8.286
2374,8.286
2375,8.284
2376,8.282
2377,8.28
2378,8.278
2379,8.276
2380,8.272
2381,8.268
2382,8.264
2383,8.26
2384,8.256
2385,8.252
2386,8.246
2387,8.242
2388,8.236
2389,8.232
2390,8.226
2391,8.222
2392,8.216
2393,8.212
2394,8.208
2395,8.204
2396,8.2
2397,8.196
2398,8.194
2399,8.192
2400,8.19
2401,8.188
2402,8.188
2403,8.186
2404,8.186
2405,8.186
2406,8.186
2407,8.186
2408,8.186
2409,8.188
2410,8.186
2411,8.186
2412,8.186
2413,8.184
2414,8.182
2415,8.182
2416,8.18
2417,8.178
2418,8.176
2419,8.172
2420,8.17
2421,8.168
2422,8.166
2423,8.166
2424,8.164
2425,8.162
2426,8.162
2427,8.16
2428,8.16
2429,8.16
2430,8.158
2431,8.158
2432,8.158
2433,8.158
2434,8.156
2435,8.156
2436,8.154
2437,8.154
2438,8.152
2439,8.15
2440,8.148
2441,8.146
2442,8.144
2443,8.142
2444,8.14
2445,8.136
2446,8.132
2447,8.13
2448,8.126
2449,8.122
2450,8.118
2451,8.114
2452,8.11
2453,8.106
2454,8.102
2455,8.098
2456,8.094
2457,8.092
2458,8.09
2459,8.088
2460,8.086
2461,8.086
2462,8.088
2463,8.088
2464,8.09
2465,8.092
2466,8.094
2467,8.098
2468,8.1
2469,8.1
2470,8.102
2471,8.102
2472,8.102
2473,8.1
2474,8.096
2475,8.092
2476,8.086
2477,8.08
2478,8.074
2479,8.066
2480,8.06
2481,8.054
2482,8.05
2483,8.046
2484,8.044
2485,8.042
2486,8.044
2487,8.046
2488,8.052
2489,8.058
2490,8.066
2491,8.074
2492,8.082
2493,8.092
2494,8.1
2495,8.108
2496,8.116
2497,8.122
2498,8.128
2499,8.13
2500,8.132
2501,8.132
2502,8.13
2503,8.128
2504,8.124
2505,8.12
2506,8.116
2507,8.112
2508,8.108
2509,8.106
2510,8.102
2511,8.1
2512,8.1
2513,8.1
2514,8.1
2515,8.102
2516,8.102
2517,8.104
2518,8.106
2519,8.106
2520,8.108
2521,8.108
2522,8.108
2523,8.106
2524,8.104
2525,8.1
2526,8.098
2527,8.092
2528,8.088
2529,8.084
2530,8.078
2531,8.074
2532,8.07
2533,8.068
2534,8.064
2535,8.064
2536,8.062
2537,8.064
2538,8.064
2539,8.068
2540,8.07
2541,8.074
2542,8.076
2543,8.08
2544,8.082
2545,8.086
2546,8.088
2547,8.088
2548,8.088
2549,8.088
2550,8.086
2551,8.082
2552,8.078
2553,8.074
2554,8.068
2555,8.062
2556,8.056
2557,8.048
2558,8.04
2559,8.034
2560,8.026
2561,8.02
2562,8.014
2563,8.008
2564,8.004
2565,8.0
2566,7.998
2567,7.996
2568,7.994
2569,7.994
2570,7.994
2571,7.994
2572,7.996
2573,7.998
2574,8.0
2575,8.0
2576,8.0
2577,7.998
2578,7.994
2579,7.988
2580,7.984
2581,7.978
2582,7.97
2583,7.964
2584,7.956
2585,7.95
2586,7.944
2587,7.94
2588,7.936
2589,7.932
2590,7.928
2591,7.924
2592,7.916
2593,7.908
2594,7.898
2595,7.89
2596,7.88
2597,7.87
2598,7.86
2599,7.85
2600,7.838
2601,7.826
2602,7.814
2603,7.802
2604,7.792
2605,7.782
2606,7.774
2607,7.77
2608,7.77
2609,7.776
2610,7.786
2611,7.802
2612,7.822
2613,7.84
2614,7.858
2615,7.872
2616,7.884
2617,7.892
2618,7.898
2619,7.904
2620,7.91
2621,7.914
2622,7.918
2623,7.92
2624,7.92
2625,7.918
2626,7.91
2627,7.902
2628,7.892
2629,7.88
2630,7.87
2631,7.858
2632,7.848
2633,7.838
2634,7.83
2635,7.822
2636,7.814
2637,7.806
2638,7.798
2639,7.788
2640,7.78
2641,7.77
2642,7.762
2643,7.752
2644,7.744
2645,7.7379999999999995
2646,7.732
2647,7.726
2648,7.72
2649,7.718
2650,7.716
2651,7.716
2652,7.714
2653,7.714
2654,7.71
2655,7.704
2656,7.696
2657,7.686
2658,7.674
2659,7.662
2660,7.652
2661,7.644
2662,7.638
2663,7.636
2664,7.638
2665,7.642
2666,7.648
2667,7.654
2668,7.658
2669,7.66
2670,7.662
2671,7.66
2672,7.66
2673,7.66
2674,7.658
2675,7.656
2676,7.654
2677,7.65
2678,7.648
2679,7.646
2680,7.644
2681,7.644
2682,7.646
2683,7.646
2684,7.646
2685,7.646
2686,7.648
2687,7.648
2688,7.648
2689,7.648
2690,7.648
2691,7.648
2692,7.648
2693,7.648
2694,7.65
2695,7.652
2696,7.656
2697,7.662
2698,7.668
2699,7.674
2700,7.678
2701,7.684
2702,7.688
2703,7.69
2704,7.694
2705,7.696
2706,7.7
2707,7.704
2708,7.706
2709,7.708
2710,7.708
2711,7.708
2712,7.706
2713,7.704
2714,7.704
2715,7.704
2716,7.706
2717,7.708
2718,7.712
2719,7.718
2720,7.726
2721,7.734
2722,7.742
2723,7.752
2724,7.762
2725,7.772
2726,7.78
2727,7.788
2728,7.796
2729,7.8
2730,7.8
2731,7.798
2732,7.794
2733,7.79
2734,7.786
2735,7.786
2736,7.788
2737,7.794
2738,7.8
2739,7.806
2740,7.814
2741,7.822
2742,7.83
2743,7.838
2744,7.846
2745,7.852
2746,7.856
2747,7.86
2748,7.864
2749,7.868
2750,7.872
2751,7.878
2752,7.886
2753,7.896
2754,7.908
2755,7.92
2756,7.932
2757,7.946
2758,7.956
2759,7.966
2760,7.974
2761,7.98
2762,7.984
2763,7.986
2764,7.988
2765,7.99
2766,7.992
2767,7.994
2768,7.996
2769,8.0
2770,8.002
2771,8.002
2772,8.002
2773,8.002
2774,8.0
2775,8.0
2776,8.0
2777,8.002
2778,8.006
2779,8.012
2780,8.02
2781,8.028
2782,8.036
2783,8.04
2784,8.046
2785,8.048
2786,8.052
2787,8.054
2788,8.056
2789,8.056
2790,8.056
2791,8.056
2792,8.054
2793,8.054
2794,8.054
2795,8.052
2796,8.052
2797,8.05
2798,8.05
2799,8.048
2800,8.046
2801,8.044
2802,8.042
2803,8.04
2804,8.036
2805,8.034
2806,8.032
2807,8.03
2808,8.028
2809,8.024
2810,8.022
2811,8.018
2812,8.016
2813,8.012
2814,8.008
2815,8.004
2816,8.0
2817,7.996
2818,7.992
2819,7.988
2820,7.982
2821,7.978
2822,7.972
2823,7.968
2824,7.962
2825,7.956
2826,7.95
2827,7.942
2828,7.936
2829,7.93
2830,7.924
2831,7.92
2832,7.914
2833,7.91
2834,7.904
2835,7.902
2836,7.898
2837,7.898
2838,7.896
2839,7.896
2840,7.898
2841,7.9
2842,7.904
2843,7.908
2844,7.912
2845,7.918
2846,7.924
2847,7.93
2848,7.936
2849,7.942
2850,7.948
2851,7.954
2852,7.96
2853,7.966
2854,7.97
2855,7.972
2856,7.976
2857,7.978
2858,7.98
2859,7.98
2860,7.982
2861,7.982
2862,7.982
2863,7.982
2864,7.982
2865,7.982
2866,7.982
2867,7.982
2868,7.982
2869,7.982
2870,7.984
2871,7.986
2872,7.988
2873,7.99
2874,7.994
2875,7.996
2876,8.0
2877,8.004
2878,8.008
2879,8.012
2880,8.016
2881,8.018
2882,8.022
2883,8.026
2884,8.028
2885,8.032
2886,8.034
2887,8.034
2888,8.036
2889,8.036
2890,8.034
2891,8.032
2892,8.03
2893,8.028
2894,8.024
2895,8.02
2896,8.014
2897,8.01
2898,8.004
2899,7.998
2900,7.992
2901,7.986
2902,7.98
2903,7.974
2904,7.968
2905,7.962
2906,7.956
2907,7.952
2908,7.946
2909,7.942
2910,7.938
2911,7.936
2912,7.934
2913,7.93
2914,7.93
2915,7.928
2916,7.926
2917,7.926
2918,7.924
2919,7.924
2920,7.924
2921,7.924
2922,7.926
2923,7.926
2924,7.926
2925,7.926
2926,7.928
2927,7.928
2928,7.93
2929,7.93
2930,7.93
2931,7.932
2932,7.932
2933,7.932
2934,7.932
2935,7.932
2936,7.932
2937,7.93
2938,7.93
2939,7.928
2940,7.926
2941,7.922
2942,7.92
2943,7.918
2944,7.916
2945,7.914
2946,7.912
2947,7.91
2948,7.908
2949,7.906
2950,7.906
2951,7.906
2952,7.908
2953,7.91
2954,7.912
2955,7.916
2956,7.92
2957,7.924
2958,7.93
2959,7.934
2960,7.94
2961,7.946
2962,7.952
2963,7.958
2964,7.962
2965,7.968
2966,7.972
2967,7.976
2968,7.978
2969,7.98
2970,7.982
2971,7.982
2972,7.98
2973,7.978
2974,7.974
2975,7.97
2976,7.966
2977,7.962
2978,7.956
2979,7.95
2980,7.944
2981,7.938
2982,7.932
2983,7.926
2984,7.92
2985,7.916
2986,7.91
2987,7.908
2988,7.904
2989,7.902
2990,7.902
2991,7.902
2992,7.902
2993,7.904
2994,7.908
2995,7.912
2996,7.916
2997,7.92
2998,7.926
2999,7.93
3000,7.934
3001,7.94
3002,7.944
3003,7.948
3004,7.952
3005,7.954
3006,7.956
3007,7.956
3008,7.956
3009,7.954
3010,7.952
3011,7.95
3012,7.946
3013,7.942
3014,7.938
3015,7.932
3016,7.928
3017,7.922
3018,7.918
3019,7.914
3020,7.91
3021,7.906
3022,7.902
3023,7.898
3024,7.896
3025,7.896
3026,7.894
3027,7.894
3028,7.892
3029,7.892
3030,7.892
3031,7.892
3032,7.892
3033,7.89
3034,7.89
3035,7.888
3036,7.886
3037,7.886
3038,7.882
3039,7.88
3040,7.876
3041,7.872
3042,7.868
3043,7.862
3044,7.858
3045,7.854
3046,7.85
3047,7.846
3048,7.842
3049,7.838
3050,7.834
3051,7.832
3052,7.83
3053,7.828
3054,7.826
3055,7.826
3056,7.826
3057,7.828
3058,7.828
3059,7.828
3060,7.83
3061,7.832
3062,7.834
3063,7.834
3064,7.836
3065,7.838
3066,7.84
3067,7.842
3068,7.844
3069,7.848
3070,7.85
3071,7.854
3072,7.86
3073,7.864
3074,7.87
3075,7.876
3076,7.884
3077,7.89
3078,7.896
3079,7.9
3080,7.906
3081,7.91
3082,7.912
3083,7.914
3084,7.916
3085,7.914
3086,7.914
3087,7.91
3088,7.906
3089,7.9
3090,7.892
3091,7.882
3092,7.872
3093,7.86
3094,7.85
3095,7.838
3096,7.828
3097,7.818
3098,7.812
3099,7.808
3100,7.804
3101,7.802
3102,7.802
3103,7.804
3104,7.806
3105,7.808
3106,7.812
3107,7.814
3108,7.818
3109,7.82
3110,7.824
3111,7.826
3112,7.828
3113,7.83
3114,7.83
3115,7.83
3116,7.828
3117,7.824
3118,7.82
3119,7.816
3120,7.81
3121,7.804
3122,7.798
3123,7.79
3124,7.784
3125,7.776
3126,7.77
3127,7.762
3128,7.756
3129,7.75
3130,7.744
3131,7.74
3132,7.736
3133,7.734
3134,7.732
3135,7.73
3136,7.73
3137,7.73
3138,7.73
3139,7.732
3140,7.732
3141,7.734
3142,7.736
3143,7.7379999999999995
3144,7.74
3145,7.742
3146,7.744
3147,7.744
3148,7.746
3149,7.746
3150,7.746
3151,7.746
3152,7.746
3153,7.746
3154,7.744
3155,7.742
3156,7.742
3157,7.74
3158,7.74
3159,7.74
3160,7.742
3161,7.744
3162,7.746
3163,7.75
3164,7.754
3165,7.758
3166,7.762
3167,7.768
3168,7.772
3169,7.776
3170,7.78
3171,7.782
3172,7.784
3173,7.786
3174,7.788
3175,7.788
3176,7.788
3177,7.788
3178,7.788
3179,7.788
3180,7.79
3181,7.79
3182,7.79
3183,7.79
3184,7.79
3185,7.79
3186,7.788
3187,7.786
3188,7.784
3189,7.78
3190,7.774
3191,7.77
3192,7.764
3193,7.758
3194,7.75
3195,7.744
3196,7.7379999999999995
3197,7.73
3198,7.724
3199,7.72
3200,7.714
3201,7.712
3202,7.71
3203,7.71
3204,7.71
3205,7.714
3206,7.718
3207,7.7219999999999995
3208,7.726
3209,7.732
3210,7.736
3211,7.742
3212,7.746
3213,7.75
3214,7.752
3215,7.756
3216,7.758
3217,7.758
3218,7.76
3219,7.76
3220,7.758
3221,7.758
3222,7.756
3223,7.754
3224,7.752
3225,7.75
3226,7.748
3227,7.748
3228,7.748
3229,7.748
3230,7.748
3231,7.75
3232,7.75
3233,7.75
3234,7.75
3235,7.75
3236,7.75
3237,7.748
3238,7.748
3239,7.746
3240,7.746
3241,7.744
3242,7.742
3243,7.742
3244,7.742
3245,7.74
3246,7.74
3247,7.742
3248,7.742
3249,7.744
3250,7.748
3251,7.75
3252,7.754
3253,7.758
3254,7.76
3255,7.762
3256,7.764
3257,7.766
3258,7.766
3259,7.766
3260,7.766
3261,7.766
3262,7.766
3263,7.766
3264,7.764
3265,7.764
3266,7.764
3267,7.766
3268,7.766
3269,7.768
3270,7.772
3271,7.774
3272,7.778
3273,7.782
3274,7.784
3275,7.786
3276,7.788
3277,7.786
3278,7.786
3279,7.784
3280,7.78
3281,7.774
3282,7.768
3283,7.76
3284,7.752
3285,7.742
3286,7.732
3287,7.7219999999999995
3288,7.71
3289,7.7
3290,7.69
3291,7.682
3292,7.674
3293,7.668
3294,7.662
3295,7.656
3296,7.65
3297,7.644
3298,7.638
3299,7.632
3300,7.624
3301,7.618
3302,7.61
3303,7.604
3304,7.598
3305,7.592
3306,7.586
3307,7.58
3308,7.576
3309,7.572
3310,7.568
3311,7.564
3312,7.56
3313,7.56
3314,7.558
3315,7.556
3316,7.556
3317,7.556
3318,7.556
3319,7.558
3320,7.558
3321,7.56
3322,7.562
3323,7.564
3324,7.566
3325,7.57
3326,7.572
3327,7.574
3328,7.578
3329,7.58
3330,7.584
3331,7.588
3332,7.59
3333,7.594
3334,7.596
3335,7.598
3336,7.602
3337,7.604
3338,7.606
3339,7.608
3340,7.61
3341,7.612
3342,7.612
3343,7.612
3344,7.614
3345,7.614
3346,7.614
3347,7.614
3348,7.614
3349,7.614
3350,7.614
3351,7.616
3352,7.616
3353,7.616
3354,7.618
3355,7.62
3356,7.62
3357,7.624
3358,7.626
3359,7.628
3360,7.632
3361,7.636
3362,7.64
3363,7.644
3364,7.648
3365,7.652
3366,7.656
3367,7.66
3368,7.664
3369,7.668
3370,7.67
3371,7.674
3372,7.676
3373,7.68
3374,7.682
3375,7.684
3376,7.686
3377,7.688
3378,7.69
3379,7.692
3380,7.694
3381,7.694
3382,7.696
3383,7.698
3384,7.698
3385,7.7
3386,7.702
3387,7.702
3388,7.704
3389,7.706
3390,7.706
3391,7.708
3392,7.71
3393,7.712
3394,7.714
3395,7.716
3396,7.72
3397,7.7219999999999995
3398,7.724
3399,7.726
3400,7.728
3401,7.73
3402,7.732
3403,7.734
3404,7.736
3405,7.7379999999999995
3406,7.74
3407,7.74
3408,7.742
3409,7.742
3410,7.742
3411,7.742
3412,7.742
3413,7.742
3414,7.742
3415,7.74
3416,7.7379999999999995
3417,7.736
3418,7.734
3419,7.73
3420,7.726
3421,7.7219999999999995
3422,7.716
3423,7.71
3424,7.704
3425,7.696
3426,7.688
3427,7.678
3428,7.67
3429,7.662
3430,7.654
3431,7.646
3432,7.638
3433,7.632
3434,7.626
3435,7.622
3436,7.618
3437,7.616
3438,7.616
3439,7.618
3440,7.62
3441,7.624
3442,7.628
3443,7.634
3444,7.64
3445,7.648
3446,7.654
3447,7.662
3448,7.67
3449,7.678
3450,7.686
3451,7.694
3452,7.702
3453,7.71
3454,7.72
3455,7.728
3456,7.736
3457,7.744
3458,7.75
3459,7.754
3460,7.754
3461,7.752
3462,7.748
3463,7.746
3464,7.744
3465,7.746
3466,7.75
3467,7.756
3468,7.762
3469,7.768
3470,7.772
3471,7.774
3472,7.77
3473,7.76
3474,7.746
3475,7.734
3476,7.7219999999999995
3477,7.718
3478,7.718
3479,7.724
3480,7.736
3481,7.748
3482,7.76
3483,7.766
3484,7.772
3485,7.774
3486,7.774
3487,7.776
3488,7.778
3489,7.78
3490,7.784
3491,7.786
3492,7.79
3493,7.792
3494,7.796
3495,7.8
3496,7.804
3497,7.806
3498,7.808
3499,7.806
3500,7.804
3501,7.798
3502,7.79
3503,7.782
3504,7.772
3505,7.764
3506,7.756
3507,7.754
3508,7.756
3509,7.76
3510,7.764
3511,7.766
3512,7.768
3513,7.768
3514,7.768
3515,7.766
3516,7.766
3517,7.766
3518,7.766
3519,7.764
3520,7.762
3521,7.758
3522,7.75
3523,7.742
3524,7.734
3525,7.726
3526,7.72
3527,7.714
3528,7.71
3529,7.708
3530,7.704
3531,7.702
3532,7.698
3533,7.694
3534,7.69
3535,7.684
3536,7.68
3537,7.678
3538,7.676
3539,7.674
3540,7.67
3541,7.664
3542,7.656
3543,7.648
3544,7.642
3545,7.64
3546,7.642
3547,7.644
3548,7.648
3549,7.652
3550,7.654
3551,7.654
3552,7.652
3553,7.648
3554,7.644
3555,7.64
3556,7.636
3557,7.636
3558,7.64
3559,7.644
3560,7.65
3561,7.656
3562,7.662
3563,7.666
3564,7.672
3565,7.68
3566,7.684
3567,7.688
3568,7.692
3569,7.696
3570,7.702
3571,7.708
3572,7.716
3573,7.7219999999999995
3574,7.728
3575,7.734
3576,7.7379999999999995
3577,7.74
3578,7.74
3579,7.74
3580,7.74
3581,7.74
3582,7.74
3583,7.7379999999999995
3584,7.7379999999999995
3585,7.7379999999999995
3586,7.7379999999999995
3587,7.736
3588,7.734
3589,7.734
3590,7.732
3591,7.732
3592,7.734
3593,7.736
3594,7.74
3595,7.744
3596,7.746
3597,7.744
3598,7.74
3599,7.732
3600,7.7219999999999995
3601,7.714
3602,7.704
3603,7.696
3604,7.69
3605,7.684
3606,7.68
3607,7.676
3608,7.67
3609,7.666
3610,7.662
3611,7.658
3612,7.656
3613,7.654
3614,7.654
3615,7.654
3616,7.656
3617,7.658
3618,7.658
3619,7.658
3620,7.656
3621,7.656
3622,7.654
3623,7.65
3624,7.648
3625,7.648
3626,7.644
3627,7.642
3628,7.64
3629,7.638
3630,7.638
3631,7.636
3632,7.636
3633,7.636
3634,7.636
3635,7.638
3636,7.64
3637,7.646
3638,7.654
3639,7.662
3640,7.67
3641,7.678
3642,7.684
3643,7.69
3644,7.696
3645,7.7
3646,7.704
3647,7.71
3648,7.714
3649,7.718
3650,7.7219999999999995
3651,7.724
3652,7.726
3653,7.724
3654,7.72
3655,7.716
3656,7.71
3657,7.704
3658,7.696
3659,7.686
3660,7.676
3661,7.666
3662,7.656
3663,7.646
3664,7.634
3665,7.624
3666,7.612
3667,7.602
3668,7.594
3669,7.584
3670,7.578
3671,7.57
3672,7.564
3673,7.558
3674,7.554
3675,7.552
3676,7.548
3677,7.548
3678,7.548
3679,7.548
3680,7.548
3681,7.552
3682,7.554
3683,7.558
3684,7.564
3685,7.57
3686,7.578
3687,7.586
3688,7.594
3689,7.602
3690,7.612
3691,7.62
3692,7.628
3693,7.638
3694,7.646
3695,7.652
3696,7.66
3697,7.664
3698,7.668
3699,7.672
3700,7.674
3701,7.674
3702,7.672
3703,7.67
3704,7.668
3705,7.664
3706,7.66
3707,7.654
3708,7.65
3709,7.646
3710,7.642
3711,7.638
3712,7.636
3713,7.634
3714,7.632
3715,7.632
3716,7.634
3717,7.638
3718,7.642
3719,7.646
3720,7.652
3721,7.658
3722,7.664
3723,7.67
3724,7.676
3725,7.682
3726,7.688
3727,7.694
3728,7.7
3729,7.704
3730,7.706
3731,7.71
3732,7.71
3733,7.71
3734,7.71
3735,7.708
3736,7.704
3737,7.7
3738,7.696
3739,7.692
3740,7.686
3741,7.68
3742,7.674
3743,7.668
3744,7.66
3745,7.654
3746,7.646
3747,7.64
3748,7.632
3749,7.626
3750,7.618
3751,7.612
3752,7.606
3753,7.602
3754,7.596
3755,7.592
3756,7.588
3757,7.584
3758,7.58
3759,7.578
3760,7.576
3761,7.574
3762,7.572
3763,7.572
3764,7.572
3765,7.574
3766,7.574
3767,7.576
3768,7.58
3769,7.582
3770,7.586
3771,7.59
3772,7.596
3773,7.6
3774,7.604
3775,7.608
3776,7.612
3777,7.616
3778,7.618
3779,7.62
3780,7.622
3781,7.622
3782,7.62
3783,7.618
3784,7.612
3785,7.606
3786,7.6
3787,7.59
3788,7.582
3789,7.57
3790,7.56
3791,7.548
3792,7.536
3793,7.524
3794,7.51
3795,7.498
3796,7.486
3797,7.474
3798,7.464
3799,7.454
3800,7.444
3801,7.436
3802,7.428
3803,7.422
3804,7.416
3805,7.41
3806,7.406
3807,7.402
3808,7.4
3809,7.398
3810,7.396
3811,7.396
3812,7.396
3813,7.398
3814,7.4
3815,7.402
3816,7.406
3817,7.41
3818,7.414
3819,7.42
3820,7.426
3821,7.432
3822,7.438
3823,7.444
3824,7.45
3825,7.458
3826,7.464
3827,7.4719999999999995
3828,7.48
3829,7.486
3830,7.494
3831,7.5
3832,7.506
3833,7.5120000000000005
3834,7.518
3835,7.524
3836,7.53
3837,7.536
3838,7.54
3839,7.544
3840,7.548
3841,7.552
3842,7.556
3843,7.558
3844,7.56
3845,7.562
3846,7.564
3847,7.566
3848,7.566
3849,7.566
3850,7.566
3851,7.566
3852,7.564
3853,7.562
3854,7.56
3855,7.556
3856,7.554
3857,7.552
3858,7.548
3859,7.544
3860,7.542
3861,7.538
3862,7.534
3863,7.532
3864,7.528
3865,7.526
3866,7.524
3867,7.522
3868,7.52
3869,7.518
3870,7.518
3871,7.516
3872,7.516
3873,7.516
3874,7.516
3875,7.516
3876,7.516
3877,7.518
3878,7.518
3879,7.518
3880,7.518
3881,7.518
3882,7.518
3883,7.518
3884,7.518
3885,7.518
3886,7.518
3887,7.518
3888,7.518
3889,7.518
3890,7.518
3891,7.52
3892,7.522
3893,7.522
3894,7.524
3895,7.526
3896,7.528
3897,7.53
3898,7.534
3899,7.536
3900,7.538
3901,7.538
3902,7.54
3903,7.542
3904,7.544
3905,7.544
3906,7.544
3907,7.544
3908,7.544
3909,7.542
3910,7.54
3911,7.538
3912,7.536
3913,7.534
3914,7.53
3915,7.528
3916,7.524
3917,7.522
3918,7.518
3919,7.516
3920,7.514
3921,7.514
3922,7.5120000000000005
3923,7.514
3924,7.516
3925,7.518
3926,7.522
3927,7.528
3928,7.534
3929,7.54
3930,7.544
3931,7.552
3932,7.556
3933,7.56
3934,7.564
3935,7.566
3936,7.566
3937,7.564
3938,7.56
3939,7.554
3940,7.548
3941,7.538
3942,7.53
3943,7.52
3944,7.508
3945,7.498
3946,7.486
3947,7.476
3948,7.466
3949,7.4559999999999995
3950,7.448
3951,7.4399999999999995
3952,7.434
3953,7.43
3954,7.426
3955,7.4239999999999995
3956,7.422
3957,7.42
3958,7.42
3959,7.42
3960,7.422
3961,7.4239999999999995
3962,7.4239999999999995
3963,7.426
3964,7.43
3965,7.432
3966,7.434
3967,7.438
3968,7.4399999999999995
3969,7.442
3970,7.446
3971,7.448
3972,7.45
3973,7.454
3974,7.4559999999999995
3975,7.458
3976,7.462
3977,7.466
3978,7.47
3979,7.476
3980,7.48
3981,7.486
3982,7.492
3983,7.498
3984,7.504
3985,7.5120000000000005
3986,7.516
3987,7.522
3988,7.528
3989,7.532
3990,7.536
3991,7.538
3992,7.54
3993,7.542
3994,7.542
3995,7.542
3996,7.544
3997,7.544
3998,7.542
3999,7.542
4000,7.542
4001,7.542
4002,7.54
4003,7.54
4004,7.54
4005,7.538
4006,7.538
4007,7.538
4008,7.536
4009,7.536
4010,7.536
4011,7.534
4012,7.534
4013,7.534
4014,7.534
4015,7.532
4016,7.532
4017,7.532
4018,7.53
4019,7.528
4020,7.526
4021,7.524
4022,7.52
4023,7.518
4024,7.514
4025,7.51
4026,7.506
4027,7.502
4028,7.496
4029,7.49
4030,7.486
4031,7.478
4032,7.4719999999999995
4033,7.466
4034,7.458
4035,7.452
4036,7.444
4037,7.436
4038,7.43
4039,7.422
4040,7.414
4041,7.4079999999999995
4042,7.4
4043,7.392
4044,7.386
4045,7.378
4046,7.372
4047,7.366
4048,7.358
4049,7.354
4050,7.348
4051,7.342
4052,7.338
4053,7.332
4054,7.328
4055,7.326
4056,7.322
4057,7.32
4058,7.318
4059,7.318
4060,7.318
4061,7.318
4062,7.318
4063,7.318
4064,7.318
4065,7.32
4066,7.32
4067,7.32
4068,7.32
4069,7.32
4070,7.32
4071,7.32
4072,7.318
4073,7.318
4074,7.318
4075,7.318
4076,7.32
4077,7.322
4078,7.324
4079,7.328
4080,7.332
4081,7.336
4082,7.342
4083,7.348
4084,7.354
4085,7.362
4086,7.368
4087,7.376
4088,7.384
4089,7.392
4090,7.4
4091,7.4079999999999995
4092,7.416
4093,7.4239999999999995
4094,7.432
4095,7.438
4096,7.444
4097,7.45
4098,7.454
4099,7.458
4100,7.462
4101,7.464
4102,7.466
4103,7.466
4104,7.464
4105,7.462
4106,7.46
4107,7.4559999999999995
4108,7.452
4109,7.446
4110,7.442
4111,7.436
4112,7.432
4113,7.426
4114,7.42
4115,7.414
4116,7.406
4117,7.4
4118,7.394
4119,7.388
4120,7.38
4121,7.374
4122,7.366
4123,7.36
4124,7.352
4125,7.346
4126,7.338
4127,7.332
4128,7.324
4129,7.318
4130,7.31
4131,7.304
4132,7.298
4133,7.292
4134,7.288
4135,7.284
4136,7.282
4137,7.282
4138,7.28
4139,7.282
4140,7.284
4141,7.286
4142,7.29
4143,7.296
4144,7.304
4145,7.31
4146,7.32
4147,7.328
4148,7.338
4149,7.348
4150,7.36
4151,7.37
4152,7.38
4153,7.392
4154,7.402
4155,7.412
4156,7.42
4157,7.428
4158,7.436
4159,7.442
4160,7.444
4161,7.446
4162,7.446
4163,7.444
4164,7.4399999999999995
4165,7.436
4166,7.43
4167,7.4239999999999995
4168,7.416
4169,7.41
4170,7.404
4171,7.398
4172,7.394
4173,7.39
4174,7.386
4175,7.382
4176,7.38
4177,7.378
4178,7.378
4179,7.378
4180,7.38
4181,7.382
4182,7.384
4183,7.386
4184,7.388
4185,7.39
4186,7.392
4187,7.394
4188,7.394
4189,7.394
4190,7.392
4191,7.39
4192,7.388
4193,7.384
4194,7.378
4195,7.372
4196,7.364
4197,7.356
4198,7.348
4199,7.34
4200,7.33
4201,7.32
4202,7.312
4203,7.302
4204,7.292
4205,7.284
4206,7.274
4207,7.266
4208,7.258
4209,7.252
4210,7.244
4211,7.24
4212,7.236
4213,7.232
4214,7.228
4215,7.226
4216,7.226
4217,7.226
4218,7.226
4219,7.226
4220,7.228
4221,7.23
4222,7.232
4223,7.234
4224,7.236
4225,7.2379999999999995
4226,7.242
4227,7.244
4228,7.2459999999999996
4229,7.25
4230,7.252
4231,7.256
4232,7.258
4233,7.26
4234,7.264
4235,7.268
4236,7.272
4237,7.276
4238,7.282
4239,7.288
4240,7.292
4241,7.298
4242,7.304
4243,7.308
4244,7.312
4245,7.316
4246,7.318
4247,7.32
4248,7.322
4249,7.324
4250,7.324
4251,7.324
4252,7.324
4253,7.324
4254,7.324
4255,7.324
4256,7.322
4257,7.322
4258,7.32
4259,7.32
4260,7.318
4261,7.316
4262,7.312
4263,7.31
4264,7.308
4265,7.304
4266,7.3
4267,7.296
4268,7.292
4269,7.288
4270,7.282
4271,7.276
4272,7.272
4273,7.266
4274,7.258
4275,7.252
4276,7.248
4277,7.242
4278,7.236
4279,7.232
4280,7.228
4281,7.226
4282,7.224
4283,7.224
4284,7.224
4285,7.224
4286,7.226
4287,7.228
4288,7.23
4289,7.234
4290,7.2379999999999995
4291,7.242
4292,7.248
4293,7.252
4294,7.258
4295,7.264
4296,7.268
4297,7.272
4298,7.276
4299,7.28
4300,7.282
4301,7.284
4302,7.284
4303,7.284
4304,7.284
4305,7.282
4306,7.28
4307,7.276
4308,7.274
4309,7.272
4310,7.268
4311,7.266
4312,7.264
4313,7.2620000000000005
4314,7.26
4315,7.26
4316,7.258
4317,7.256
4318,7.252
4319,7.25
4320,7.2459999999999996
4321,7.242
4322,7.2379999999999995
4323,7.232
4324,7.228
4325,7.2219999999999995
4326,7.214
4327,7.208
4328,7.2
4329,7.194
4330,7.186
4331,7.178
4332,7.172
4333,7.164
4334,7.1579999999999995
4335,7.15
4336,7.144
4337,7.14
4338,7.134
4339,7.13
4340,7.128
4341,7.124
4342,7.122
4343,7.122
4344,7.122
4345,7.122
4346,7.122
4347,7.124
4348,7.1259999999999994
4349,7.128
4350,7.13
4351,7.132
4352,7.136
4353,7.138
4354,7.142
4355,7.144
4356,7.148
4357,7.15
4358,7.154
4359,7.156
4360,7.156
4361,7.156
4362,7.154
4363,7.15
4364,7.146
4365,7.14
4366,7.134
4367,7.1259999999999994
4368,7.118
4369,7.112
4370,7.104
4371,7.098
4372,7.092
4373,7.086
4374,7.082
4375,7.078
4376,7.074
4377,7.072
4378,7.07
4379,7.068
4380,7.066
4381,7.064
4382,7.062
4383,7.06
4384,7.058
4385,7.056
4386,7.056
4387,7.054
4388,7.052
4389,7.05
4390,7.048
4391,7.046
4392,7.042
4393,7.04
4394,7.038
4395,7.036
4396,7.034
4397,7.032
4398,7.03
4399,7.028
4400,7.028
4401,7.028
4402,7.03
4403,7.032
4404,7.036
4405,7.04
4406,7.046
4407,7.052
4408,7.06
4409,7.066
4410,7.074
4411,7.082
4412,7.09
4413,7.1
4414,7.11
4415,7.122
4416,7.134
4417,7.148
4418,7.162
4419,7.178
4420,7.192
4421,7.204
4422,7.214
4423,7.2219999999999995
4424,7.228
4425,7.232
4426,7.232
4427,7.23
4428,7.226
4429,7.2219999999999995
4430,7.216
4431,7.21
4432,7.2059999999999995
4433,7.202
4434,7.198
4435,7.196
4436,7.196
4437,7.194
4438,7.196
4439,7.198
4440,7.2
4441,7.2059999999999995
4442,7.21
4443,7.218
4444,7.224
4445,7.232
4446,7.24
4447,7.248
4448,7.256
4449,7.2620000000000005
4450,7.268
4451,7.274
4452,7.278
4453,7.28
4454,7.282
4455,7.282
4456,7.282
4457,7.28
4458,7.276
4459,7.272
4460,7.266
4461,7.26
4462,7.252
4463,7.244
4464,7.236
4465,7.228
4466,7.22
4467,7.212
4468,7.204
4469,7.198
4470,7.192
4471,7.188
4472,7.184
4473,7.18
4474,7.176
4475,7.17
4476,7.166
4477,7.1579999999999995
4478,7.152
4479,7.144
4480,7.136
4481,7.13
4482,7.12
4483,7.114
4484,7.106
4485,7.098
4486,7.09
4487,7.084
4488,7.078
4489,7.072
4490,7.066
4491,7.062
4492,7.058
4493,7.056
4494,7.052
4495,7.05
4496,7.046
4497,7.0440000000000005
4498,7.04
4499,7.038
4500,7.034
4501,7.032
4502,7.03
4503,7.028
4504,7.028
4505,7.026
4506,7.026
4507,7.026
4508,7.026
4509,7.026
4510,7.028
4511,7.03
4512,7.032
4513,7.036
4514,7.042
4515,7.048
4516,7.056
4517,7.064
4518,7.072
4519,7.082
4520,7.092
4521,7.102
4522,7.112
4523,7.122
4524,7.132
4525,7.142
4526,7.152
4527,7.16
4528,7.168
4529,7.176
4530,7.182
4531,7.186
4532,7.1899999999999995
4533,7.192
4534,7.194
4535,7.194
4536,7.194
4537,7.192
4538,7.1899999999999995
4539,7.186
4540,7.182
4541,7.178
4542,7.174
4543,7.17
4544,7.164
4545,7.16
4546,7.156
4547,7.152
4548,7.148
4549,7.144
4550,7.142
4551,7.138
4552,7.136
4553,7.132
4554,7.128
4555,7.124
4556,7.12
4557,7.114
4558,7.11
4559,7.104
4560,7.098
4561,7.094
4562,7.09
4563,7.086
4564,7.084
4565,7.082
4566,7.08
4567,7.082
4568,7.084
4569,7.086
4570,7.09
4571,7.096
4572,7.1
4573,7.106
4574,7.112
4575,7.116
4576,7.122
4577,7.1259999999999994
4578,7.13
4579,7.134
4580,7.136
4581,7.14
4582,7.142
4583,7.144
4584,7.144
4585,7.146
4586,7.146
4587,7.146
4588,7.144
4589,7.144
4590,7.142
4591,7.138
4592,7.134
4593,7.13
4594,7.1259999999999994
4595,7.12
4596,7.116
4597,7.11
4598,7.102
4599,7.096
4600,7.09
4601,7.084
4602,7.078
4603,7.074
4604,7.068
4605,7.064
4606,7.06
4607,7.058
4608,7.056
4609,7.056
4610,7.056
4611,7.056
4612,7.058
4613,7.06
4614,7.064
4615,7.066
4616,7.07
4617,7.074
4618,7.076
4619,7.08
4620,7.082
4621,7.086
4622,7.088
4623,7.09
4624,7.092
4625,7.092
4626,7.092
4627,7.092
4628,7.092
4629,7.09
4630,7.088
4631,7.086
4632,7.082
4633,7.078
4634,7.074
4635,7.068
4636,7.064
4637,7.06
4638,7.056
4639,7.052
4640,7.048
4641,7.046
4642,7.046
4643,7.046
4644,7.048
4645,7.05
4646,7.054
4647,7.058
4648,7.064
4649,7.07
4650,7.074
4651,7.08
4652,7.086
4653,7.09
4654,7.096
4655,7.098
4656,7.102
4657,7.104
4658,7.104
4659,7.102
4660,7.1
4661,7.096
4662,7.092
4663,7.088
4664,7.082
4665,7.074
4666,7.068
4667,7.06
4668,7.052
4669,7.042
4670,7.034
4671,7.024
4672,7.016
4673,7.006
4674,6.996
4675,6.9879999999999995
4676,6.978
4677,6.97
4678,6.962
4679,6.954
4680,6.946
4681,6.9399999999999995
4682,6.934
4683,6.928
4684,6.9239999999999995
4685,6.92
4686,6.918
4687,6.916
4688,6.916
4689,6.916
4690,6.916
4691,6.918
4692,6.922
4693,6.9239999999999995
4694,6.928
4695,6.93
4696,6.934
4697,6.938
4698,6.942
4699,6.946
4700,6.948
4701,6.952
4702,6.954
4703,6.9559999999999995
4704,6.9559999999999995
4705,6.958
4706,6.958
4707,6.958
4708,6.9559999999999995
4709,6.9559999999999995
4710,6.954
4711,6.954
4712,6.952
4713,6.95
4714,6.948
4715,6.946
4716,6.944
4717,6.942
4718,6.9399999999999995
4719,6.9399999999999995
4720,6.938
4721,6.936
4722,6.936
4723,6.936
4724,6.936
4725,6.936
4726,6.938
4727,6.938
4728,6.9399999999999995
4729,6.942
4730,6.946
4731,6.948
4732,6.95
4733,6.952
4734,6.954
4735,6.9559999999999995
4736,6.958
4737,6.958
4738,6.958
4739,6.9559999999999995
4740,6.954
4741,6.95
4742,6.946
4743,6.9399999999999995
4744,6.934
4745,6.926
4746,6.918
4747,6.9079999999999995
4748,6.898
4749,6.888
4750,6.8759999999999994
4751,6.864
4752,6.852
4753,6.84
4754,6.826
4755,6.814
4756,6.8
4757,6.788
4758,6.776
4759,6.7620000000000005
4760,6.75
4761,6.7379999999999995
4762,6.728
4763,6.716
4764,6.7059999999999995
4765,6.696
4766,6.688000000000001
4767,6.678
4768,6.672
4769,6.666
4770,6.66
4771,6.654
4772,6.65
4773,6.646
4774,6.6419999999999995
4775,6.64
4776,6.636
4777,6.636
4778,6.634
4779,6.634
4780,6.632
4781,6.632
4782,6.632
4783,6.634
4784,6.634
4785,6.634
4786,6.636
4787,6.638
4788,6.64
4789,6.6419999999999995
4790,6.644
4791,6.646
4792,6.648
4793,6.65
4794,6.652
4795,6.654
4796,6.658
4797,6.66
4798,6.662
4799,6.664
4800,6.666
4801,6.67
4802,6.672
4803,6.6739999999999995
4804,6.676
4805,6.676
4806,6.678
4807,6.68
4808,6.68
4809,6.682
4810,6.684
4811,6.684
4812,6.686
4813,6.688000000000001
4814,6.6899999999999995
4815,6.692
4816,6.696
4817,6.698
4818,6.702
4819,6.7059999999999995
4820,6.712
4821,6.718
4822,6.724
4823,6.73
4824,6.7379999999999995
4825,6.746
4826,6.754
4827,6.7620000000000005
4828,6.77
4829,6.7780000000000005
4830,6.788
4831,6.795999999999999
4832,6.804
4833,6.814
4834,6.822
4835,6.83
4836,6.836
4837,6.844
4838,6.85
4839,6.858
4840,6.864
4841,6.87
4842,6.8759999999999994
4843,6.882
4844,6.886
4845,6.8919999999999995
4846,6.898
4847,6.902
4848,6.9079999999999995
4849,6.914
4850,6.918
4851,6.9239999999999995
4852,6.93
4853,6.936
4854,6.9399999999999995
4855,6.946
4856,6.952
4857,6.958
4858,6.964
4859,6.97
4860,6.978
4861,6.984
4862,6.99
4863,6.996
4864,7.002
4865,7.008
4866,7.014
4867,7.02
4868,7.024
4869,7.03
4870,7.034
4871,7.04
4872,7.0440000000000005
4873,7.048
4874,7.052
4875,7.056
4876,7.058
4877,7.06
4878,7.064
4879,7.066
4880,7.068
4881,7.068
4882,7.07
4883,7.07
4884,7.07
4885,7.07
4886,7.07
4887,7.07
4888,7.068
4889,7.066
4890,7.064
4891,7.062
4892,7.058
4893,7.056
4894,7.052
4895,7.048
4896,7.0440000000000005
4897,7.04
4898,7.036
4899,7.034
4900,7.03
4901,7.026
4902,7.022
4903,7.02
4904,7.018
4905,7.014
4906,7.0120000000000005
4907,7.01
4908,7.008
4909,7.006
4910,7.004
4911,7.002
4912,7.002
4913,7.0
4914,6.998
4915,6.996
4916,6.994
4917,6.992
4918,6.99
4919,6.9879999999999995
4920,6.986
4921,6.984
4922,6.982
4923,6.978
4924,6.976
4925,6.9719999999999995
4926,6.97
4927,6.966
4928,6.962
4929,6.958
4930,6.954
4931,6.95
4932,6.944
4933,6.9399999999999995
4934,6.934
4935,6.93
4936,6.9239999999999995
4937,6.918
4938,6.912
4939,6.906
4940,6.9
4941,6.894
4942,6.888
4943,6.882
4944,6.8759999999999994
4945,6.872
4946,6.868
4947,6.864
4948,6.859999999999999
4949,6.858
4950,6.858
4951,6.858
4952,6.858
4953,6.859999999999999
4954,6.862
4955,6.866
4956,6.87
4957,6.872
4958,6.8759999999999994
4959,6.88
4960,6.884
4961,6.888
4962,6.8919999999999995
4963,6.894
4964,6.896
4965,6.898
4966,6.9
4967,6.902
4968,6.904
4969,6.904
4970,6.906
4971,6.9079999999999995
4972,6.912
4973,6.914
4974,6.918
4975,6.9239999999999995
4976,6.93
4977,6.936
4978,6.942
4979,6.948
4980,6.952
4981,6.9559999999999995
4982,6.96
4983,6.962
4984,6.962
4985,6.962
4986,6.96
4987,6.958
4988,6.9559999999999995
4989,6.954
4990,6.952
4991,6.95
4992,6.948
4993,6.946
4994,6.944
4995,6.942
4996,6.9399999999999995
4997,6.938
4998,6.934
4999,6.93
5000,6.926
5005,6.896
5010,6.854
5015,6.816
5020,6.798
5025,6.798
5030,6.802
5035,6.808
5040,6.818
5045,6.844
5050,6.882
5055,6.918
5060,6.932
5065,6.922
5070,6.918
5075,6.912
5080,6.9
5085,6.896
5090,6.894
5095,6.882
5100,6.852
5105,6.8100000000000005
5110,6.77
5115,6.746
5120,6.734
5125,6.734
5130,6.742
5135,6.752
5140,6.766
5145,6.782
5150,6.782
5155,6.76
5160,6.726
5165,6.682
5170,6.65
5175,6.634
5180,6.614
5185,6.582
5190,6.542
5195,6.508
5200,6.478
5205,6.45
5210,6.454
5215,6.4719999999999995
5220,6.47
5225,6.444
5230,6.4239999999999995
5235,6.43
5240,6.428
5245,6.406
5250,6.378
5255,6.364
5260,6.362
5265,6.3580000000000005
5270,6.356
5275,6.366
5280,6.382
5285,6.402
5290,6.422
5295,6.436
5300,6.446
5305,6.464
5310,6.496
5315,6.545999999999999
5320,6.609999999999999
5325,6.682
5330,6.744
5335,6.774
5340,6.7620000000000005
5345,6.728
5350,6.696
5355,6.6899999999999995
5360,6.698
5365,6.696
5370,6.68
5375,6.648
5380,6.604
5385,6.561999999999999
5390,6.538
5395,6.5280000000000005
5400,6.516
5405,6.49
5410,6.4559999999999995
5415,6.42
5420,6.3740000000000006
5425,6.338
5430,6.32
5435,6.328
5440,6.359999999999999
5445,6.4
5450,6.416
5455,6.416
5460,6.418
5465,6.438000000000001
5470,6.47
5475,6.512
5480,6.554
5485,6.59
5490,6.614
5495,6.618
5500,6.594
5505,6.548
5510,6.5
5515,6.48
5520,6.474
5525,6.46
5530,6.428
5535,6.3919999999999995
5540,6.362
5545,6.346
5550,6.34
5555,6.338
5560,6.324
5565,6.308
5570,6.3100000000000005
5575,6.332
5580,6.3740000000000006
5585,6.442
5590,6.514
5595,6.57
5600,6.6240000000000006
5605,6.68
5610,6.7219999999999995
5615,6.7219999999999995
5620,6.678
5625,6.638
5630,6.6080000000000005
5635,6.578
5640,6.552
5645,6.54
5650,6.55
5655,6.586
5660,6.634
5665,6.658
5670,6.644
5675,6.62
5680,6.606
5685,6.592
5690,6.568
5695,6.5440000000000005
5700,6.526
5705,6.518
5710,6.516
5715,6.52
5720,6.524
5725,6.532
5730,6.538
5735,6.5440000000000005
5740,6.552
5745,6.57
5750,6.598
5755,6.628
5760,6.648
5765,6.656
5770,6.654
5775,6.644
5780,6.6259999999999994
5785,6.6080000000000005
5790,6.592
5795,6.586
5800,6.578
5805,6.558
5810,6.526
5815,6.5
5820,6.478
5825,6.432
5830,6.368
5835,6.334
5840,6.332
5845,6.336
5850,6.332
5855,6.332
5860,6.332
5865,6.326
5870,6.311999999999999
5875,6.295999999999999
5880,6.286
5885,6.29
5890,6.306
5895,6.334
5900,6.368
5905,6.406
5910,6.4399999999999995
5915,6.466
5920,6.481999999999999
5925,6.496
5930,6.516
5935,6.542
5940,6.572
5945,6.596
5950,6.609999999999999
5955,6.602
5960,6.578
5965,6.538
5970,6.494
5975,6.452
5980,6.42
5985,6.426
5990,6.468
5995,6.51
6000,6.572
6005,6.614
6010,6.628
6015,6.634
6020,6.634
6025,6.632
6030,6.628
6035,6.62
6040,6.602
6045,6.564
6050,6.524
6055,6.502
6060,6.506
6065,6.514
6070,6.506
6075,6.478
6080,6.436
6085,6.388
6090,6.344
6095,6.308
6100,6.2940000000000005
6105,6.306
6110,6.338
6115,6.38
6120,6.42
6125,6.448
6130,6.454
6135,6.428
6140,6.3759999999999994
6145,6.314
6150,6.254
6155,6.2059999999999995
6160,6.184
6165,6.182
6170,6.198
6175,6.22
6180,6.248
6185,6.274
6190,6.298
6195,6.32
6200,6.344
6205,6.368
6210,6.3919999999999995
6215,6.412
6220,6.4239999999999995
6225,6.422
6230,6.402
6235,6.364
6240,6.311999999999999
6245,6.258
6250,6.212
6255,6.182
6260,6.1739999999999995
6265,6.188000000000001
6270,6.216
6275,6.252
6280,6.292
6285,6.332
6290,6.37
6295,6.408
6300,6.444
6305,6.481999999999999
6310,6.516
6315,6.5440000000000005
6320,6.5600000000000005
6325,6.558
6330,6.538
6335,6.512
6340,6.496
6345,6.49
6350,6.492
6355,6.498
6360,6.496
6365,6.4719999999999995
6370,6.426
6375,6.3740000000000006
6380,6.336
6385,6.33
6390,6.3580000000000005
6395,6.406
6400,6.46
6405,6.5
6410,6.538
6415,6.5440000000000005
6420,6.512
6425,6.468
6430,6.432
6435,6.428
6440,6.45
6445,6.478
6450,6.494
6455,6.498
6460,6.49
6465,6.4719999999999995
6470,6.45
6475,6.428
6480,6.416
6485,6.422
6490,6.45
6495,6.49
6500,6.522
6505,6.53
6510,6.518
6515,6.496
6520,6.468
6525,6.448
6530,6.4399999999999995
6535,6.4399999999999995
6540,6.434
6545,6.42
6550,6.41
6555,6.416
6560,6.434
6565,6.454
6570,6.466
6575,6.462
6580,6.436
6585,6.4
6590,6.364
6595,6.342
6600,6.34
6605,6.342
6610,6.338
6615,6.322
6620,6.308
6625,6.3100000000000005
6630,6.324
6635,6.34
6640,6.348
6645,6.342
6650,6.338
6655,6.336
6660,6.35
6665,6.3759999999999994
6670,6.408
6675,6.4399999999999995
6680,6.458
6685,6.458
6690,6.442
6695,6.42
6700,6.394
6705,6.37
6710,6.346
6715,6.328
6720,6.318
6725,6.314
6730,6.32
6735,6.334
6740,6.359999999999999
6745,6.394
6750,6.4239999999999995
6755,6.432
6760,6.408
6765,6.372
6770,6.34
6775,6.326
6780,6.332
6785,6.348
6790,6.368
6795,6.4
6800,6.438000000000001
6805,6.458
6810,6.442
6815,6.394
6820,6.34
6825,6.316
6830,6.316
6835,6.308
6840,6.295999999999999
6845,6.302
6850,6.32
6855,6.336
6860,6.338
6865,6.324
6870,6.298
6875,6.274
6880,6.266
6885,6.28
6890,6.3
6895,6.316
6900,6.324
6905,6.32
6910,6.3100000000000005
6915,6.2940000000000005
6920,6.276
6925,6.258
6930,6.244
6935,6.2379999999999995
6940,6.244
6945,6.266
6950,6.2940000000000005
6955,6.308
6960,6.304
6965,6.292
6970,6.276
6975,6.266
6980,6.26
6985,6.26
6990,6.266
6995,6.276
7000,6.288
7005,6.298
7010,6.308
7015,6.316
7020,6.322
7025,6.328
7030,6.328
7035,6.322
7040,6.306
7045,6.28
7050,6.254
7055,6.231999999999999
7060,6.218
7065,6.216
7070,6.218
7075,6.218
7080,6.214
7085,6.2059999999999995
7090,6.194
7095,6.176
7100,6.158
7105,6.138
7110,6.118
7115,6.092
7120,6.064
7125,6.03
7130,5.986
7135,5.936
7140,5.8919999999999995
7145,5.8740000000000006
7150,5.901999999999999
7155,5.9719999999999995
7160,6.064
7165,6.156
7170,6.224
7175,6.264
7180,6.276
7185,6.268
7190,6.248
7195,6.218
7200,6.182
7205,6.1419999999999995
7210,6.102
7215,6.061999999999999
7220,6.03
7225,6.004
7230,5.9879999999999995
7235,5.984
7240,5.99
7245,6.008
7250,6.038
7255,6.076
7260,6.116
7265,6.148
7270,6.172
7275,6.184
7280,6.188000000000001
7285,6.182
7290,6.17
7295,6.152
7300,6.134
7305,6.12
7310,6.118
7315,6.13
7320,6.154
7325,6.184
7330,6.212
7335,6.231999999999999
7340,6.234
7345,6.2219999999999995
7350,6.204
7355,6.1899999999999995
7360,6.186
7365,6.198
7370,6.204
7375,6.18
7380,6.134
7385,6.092
7390,6.064
7395,6.032
7400,5.996
7405,5.958
7410,5.952
7415,5.968
7420,6.012
7425,6.1419999999999995
7430,6.29
7435,6.362
7440,6.342
7445,6.302
7450,6.258
7455,6.23
7460,6.218
7465,6.22
7470,6.228
7475,6.242
7480,6.252
7485,6.256
7490,6.252
7495,6.236
7500,6.22
7505,6.22
7510,6.254
7515,6.311999999999999
7520,6.359999999999999
7525,6.366
7530,6.328
7535,6.262
7540,6.192
7545,6.136
7550,6.104
7555,6.098
7560,6.12
7565,6.17
7570,6.236
7575,6.302
7580,6.35
7585,6.38
7590,6.388
7595,6.378
7600,6.362
7605,6.354
7610,6.366
7615,6.394
7620,6.418
7625,6.426
7630,6.414
7635,6.39
7640,6.359999999999999
7645,6.336
7650,6.318
7655,6.311999999999999
7660,6.322
7665,6.346
7670,6.378
7675,6.416
7680,6.45
7685,6.478
7690,6.498
7695,6.51
7700,6.514
7705,6.512
7710,6.504
7715,6.492
7720,6.48
7725,6.468
7730,6.462
7735,6.458
7740,6.458
7745,6.462
7750,6.466
7755,6.466
7760,6.4559999999999995
7765,6.438000000000001
7770,6.418
7775,6.404
7780,6.4
7785,6.41
7790,6.436
7795,6.47
7800,6.49
7805,6.478
7810,6.438000000000001
7815,6.3919999999999995
7820,6.362
7825,6.3580000000000005
7830,6.372
7835,6.394
7840,6.416
7845,6.43
7850,6.432
7855,6.422
7860,6.416
7865,6.432
7870,6.466
7875,6.5
7880,6.516
7885,6.506
7890,6.466
7895,6.398
7900,6.322
7905,6.27
7910,6.252
7915,6.254
7920,6.268
7925,6.295999999999999
7930,6.344
7935,6.402
7940,6.448
7945,6.46
7950,6.446
7955,6.43
7960,6.434
7965,6.4559999999999995
7970,6.484
7975,6.512
7980,6.524
7985,6.522
7990,6.506
7995,6.481999999999999
8000,6.462
8005,6.4559999999999995
8010,6.4719999999999995
8015,6.506
8020,6.548
8025,6.592
8030,6.63
8035,6.658
8040,6.68
8045,6.692
8050,6.698
8055,6.696
8060,6.6899999999999995
8065,6.678
8070,6.66
8075,6.64
8080,6.614
8085,6.588
8090,6.561999999999999
8095,6.536
8100,6.514
8105,6.496
8110,6.481999999999999
8115,6.476
8120,6.4719999999999995
8125,6.466
8130,6.452
8135,6.432
8140,6.41
8145,6.384
8150,6.364
8155,6.35
8160,6.348
8165,6.362
8170,6.396
8175,6.444
8180,6.494
8185,6.542
8190,6.58
8195,6.6
8200,6.6080000000000005
8205,6.609999999999999
8210,6.612
8215,6.62
8220,6.632
8225,6.64
8230,6.634
8235,6.612
8240,6.584
8245,6.556
8250,6.538
8255,6.518
8260,6.4879999999999995
8265,6.442
8270,6.398
8275,6.3759999999999994
8280,6.38
8285,6.394
8290,6.398
8295,6.384
8300,6.372
8305,6.362
8310,6.356
8315,6.356
8320,6.364
8325,6.378
8330,6.396
8335,6.394
8340,6.4
8345,6.432
8350,6.45
8355,6.438000000000001
8360,6.426
8365,6.438000000000001
8370,6.464
8375,6.486
8380,6.51
8385,6.54
8390,6.566
8395,6.568
8400,6.564
8405,6.576
8410,6.602
8415,6.628
8420,6.656
8425,6.6899999999999995
8430,6.708
8435,6.698
8440,6.676
8445,6.664
8450,6.6739999999999995
8455,6.696
8460,6.708
8465,6.704
8470,6.692
8475,6.676
8480,6.664
8485,6.658
8490,6.65
8495,6.628
8500,6.59
8505,6.552
8510,6.538
8515,6.554
8520,6.576
8525,6.576
8530,6.552
8535,6.536
8540,6.554
8545,6.6080000000000005
8550,6.644
8555,6.652
8560,6.644
8565,6.6240000000000006
8570,6.594
8575,6.561999999999999
8580,6.538
8585,6.538
8590,6.574
8595,6.634
8600,6.692
8605,6.73
8610,6.732
8615,6.708
8620,6.67
8625,6.638
8630,6.632
8635,6.654
8640,6.6899999999999995
8645,6.724
8650,6.748
8655,6.766
8660,6.766
8665,6.74
8670,6.7
8675,6.662
8680,6.634
8685,6.616
8690,6.614
8695,6.618
8700,6.6259999999999994
8705,6.616
8710,6.592
8715,6.576
8720,6.586
8725,6.606
8730,6.612
8735,6.592
8740,6.561999999999999
8745,6.542
8750,6.532
8755,6.52
8760,6.508
8765,6.498
8770,6.502
8775,6.526
8780,6.554
8785,6.568
8790,6.57
8795,6.558
8800,6.542
8805,6.526
8810,6.52
8815,6.5280000000000005
8820,6.524
8825,6.492
8830,6.438000000000001
8835,6.38
8840,6.34
8845,6.32
8850,6.316
8855,6.322
8860,6.338
8865,6.362
8870,6.378
8875,6.362
8880,6.32
8885,6.274
8890,6.254
8895,6.272
8900,6.295999999999999
8905,6.295999999999999
8910,6.27
8915,6.2219999999999995
8920,6.17
8925,6.138
8930,6.13
8935,6.132
8940,6.13
8945,6.12
8950,6.109999999999999
8955,6.096
8960,6.064
8965,6.034
8970,6.0280000000000005
8975,6.04
8980,6.061999999999999
8985,6.088
8990,6.1259999999999994
8995,6.18
9000,6.228
9005,6.246
9010,6.28
9015,6.318
9020,6.34
9025,6.3740000000000006
9030,6.4239999999999995
9035,6.46
9040,6.466
9045,6.442
9050,6.394
9055,6.342
9060,6.302
9065,6.28
9070,6.26
9075,6.246
9080,6.246
9085,6.266
9090,6.29
9095,6.3
9100,6.292
9105,6.27
9110,6.242
9115,6.216
9120,6.21
9125,6.236
9130,6.268
9135,6.29
9140,6.306
9145,6.326
9150,6.344
9155,6.35
9160,6.342
9165,6.32
9170,6.282
9175,6.231999999999999
9180,6.182
9185,6.14
9190,6.122
9195,6.1259999999999994
9200,6.14
9205,6.148
9210,6.144
9215,6.128
9220,6.109999999999999
9225,6.09
9230,6.07
9235,6.048
9240,6.03
9245,6.016
9250,6.004
9255,5.998
9260,5.998
9265,6.004
9270,6.018
9275,6.036
9280,6.054
9285,6.068
9290,6.078
9295,6.084
9300,6.086
9305,6.088
9310,6.09
9315,6.094
9320,6.102
9325,6.116
9330,6.128
9335,6.1259999999999994
9340,6.1080000000000005
9345,6.078
9350,6.0440000000000005
9355,6.012
9360,5.974
9365,5.934
9370,5.91
9375,5.906
9380,5.890000000000001
9385,5.852
9390,5.821999999999999
9395,5.818
9400,5.842
9405,5.8740000000000006
9410,5.8919999999999995
9415,5.894
9420,5.9
9425,5.92
9430,5.942
9435,5.954000000000001
9440,5.9559999999999995
9445,5.95
9450,5.944
9455,5.942
9460,5.946
9465,5.9559999999999995
9470,5.9719999999999995
9475,5.992
9480,6.016
9485,6.0440000000000005
9490,6.07
9495,6.088
9500,6.088
9505,6.07
9510,6.032
9515,5.9879999999999995
9520,5.9719999999999995
9525,5.998
9530,6.052
9535,6.13
9540,6.22
9545,6.3100000000000005
9550,6.382
9555,6.434
9560,6.466
9565,6.468
9570,6.442
9575,6.404
9580,6.3759999999999994
9585,6.356
9590,6.346
9595,6.342
9600,6.348
9605,6.356
9610,6.356
9615,6.34
9620,6.318
9625,6.308
9630,6.3100000000000005
9635,6.302
9640,6.282
9645,6.25
9650,6.224
9655,6.216
9660,6.2219999999999995
9665,6.2219999999999995
9670,6.212
9675,6.2
9680,6.202
9685,6.216
9690,6.234
9695,6.25
9700,6.256
9705,6.256
9710,6.252
9715,6.246
9720,6.2379999999999995
9725,6.23
9730,6.22
9735,6.21
9740,6.2
9745,6.1899999999999995
9750,6.18
9755,6.17
9760,6.162
9765,6.158
9770,6.158
9775,6.16
9780,6.16
9785,6.158
9790,6.152
9795,6.14
9800,6.128
9805,6.114
9810,6.104
9815,6.096
9820,6.09
9825,6.084
9830,6.074
9835,6.054
9840,6.0280000000000005
9845,5.998
9850,5.974
9855,5.9559999999999995
9860,5.938000000000001
9865,5.916
9870,5.890000000000001
9875,5.866
9880,5.859999999999999
9885,5.87
9890,5.8919999999999995
9895,5.92
9900,5.95
9905,5.978
9910,6.002
9915,6.016
9920,6.022
9925,6.016
9930,6.004
9935,5.986
9940,5.962
9945,5.936
9950,5.918
9955,5.914
9960,5.932
9965,5.965999999999999
9970,6.0
9975,6.004
9980,5.97
9985,5.912
9990,5.852
9995,5.806
10000,5.779999999999999
10005,5.776
10010,5.795999999999999
10015,5.821999999999999
10020,5.804
10025,5.766
10030,5.731999999999999
10035,5.7219999999999995
10040,5.73
10045,5.754
10050,5.77
10055,5.752
10060,5.698
10065,5.634
10070,5.582
10075,5.552
10080,5.534
10085,5.522
10090,5.508
10095,5.484
10100,5.454000000000001
10105,5.442
10110,5.454000000000001
10115,5.478
10120,5.498
10125,5.508
10130,5.506
10135,5.496
10140,5.478
10145,5.468
10150,5.48
10155,5.502
10160,5.508
10165,5.502
10170,5.5
10175,5.5120000000000005
10180,5.538
10185,5.561999999999999
10190,5.584
10195,5.606
10200,5.628
10205,5.6419999999999995
10210,5.6419999999999995
10215,5.632
10220,5.6259999999999994
10225,5.6419999999999995
10230,5.678
10235,5.718
10240,5.763999999999999
10245,5.82
10250,5.878
10255,5.91
10260,5.914
10265,5.904
10270,5.890000000000001
10275,5.878
10280,5.87
10285,5.866
10290,5.87
10295,5.878
10300,5.890000000000001
10305,5.9
10310,5.898
10315,5.878
10320,5.838
10325,5.7940000000000005
10330,5.766
10335,5.772
10340,5.7940000000000005
10345,5.8
10350,5.7780000000000005
10355,5.746
10360,5.718
10365,5.71
10370,5.71
10375,5.715999999999999
10380,5.718
10385,5.714
10390,5.699999999999999
10395,5.682
10400,5.666
10405,5.664
10410,5.6739999999999995
10415,5.68
10420,5.68
10425,5.676
10430,5.678
10435,5.6899999999999995
10440,5.71
10445,5.7219999999999995
10450,5.708
10455,5.672
10460,5.616
10465,5.554
10470,5.502
10475,5.48
10480,5.484
10485,5.502
10490,5.5280000000000005
10495,5.556
10500,5.582
10505,5.609999999999999
10510,5.634
10515,5.651999999999999
10520,5.6579999999999995
10525,5.651999999999999
10530,5.634
10535,5.602
10540,5.566
10545,5.538
10550,5.526
10555,5.524
10560,5.529999999999999
10565,5.54
10570,5.556
10575,5.588
10580,5.6240000000000006
10585,5.656
10590,5.67
10595,5.676
10600,5.678
10605,5.684
10610,5.682
10615,5.654
10620,5.612
10625,5.568
10630,5.526
10635,5.4879999999999995
10640,5.468
10645,5.476
10650,5.504
10655,5.532
10660,5.545999999999999
10665,5.5440000000000005
10670,5.529999999999999
10675,5.513999999999999
10680,5.502
10685,5.498
10690,5.506
10695,5.52
10700,5.534
10705,5.542
10710,5.545999999999999
10715,5.545999999999999
10720,5.5440000000000005
10725,5.542
10730,5.538
10735,5.536
10740,5.536
10745,5.536
10750,5.536
10755,5.536
10760,5.54
10765,5.542
10770,5.548
10775,5.554
10780,5.5600000000000005
10785,5.568
10790,5.574
10795,5.58
10800,5.582
10805,5.582
10810,5.58
10815,5.577999999999999
10820,5.574
10825,5.568
10830,5.5600000000000005
10835,5.545999999999999
10840,5.522
10845,5.492
10850,5.4559999999999995
10855,5.42
10860,5.396000000000001
10865,5.394
10870,5.416
10875,5.446
10880,5.465999999999999
10885,5.468
10890,5.462
10895,5.458
10900,5.454000000000001
10905,5.444
10910,5.428
10915,5.4079999999999995
10920,5.382
10925,5.35
10930,5.318
10935,5.3
10940,5.288
10945,5.254
10950,5.21
10955,5.176
10960,5.146000000000001
10965,5.103999999999999
10970,5.052
10975,4.996
10980,4.949999999999999
10985,4.9239999999999995
10990,4.9239999999999995
10995,4.943999999999999
11000,4.9719999999999995
11005,5.002
11010,5.022
11015,5.023999999999999
11020,5.006
11025,4.9719999999999995
11030,4.928
11035,4.88
11040,4.843999999999999
11045,4.818
11050,4.79
11055,4.772
11060,4.7780000000000005
11065,4.82
11070,4.882
11075,4.928
11080,4.9399999999999995
11085,4.936
11090,4.926
11095,4.92
11100,4.926
11105,4.936
11110,4.943999999999999
11115,4.942
11120,4.93
11125,4.91
11130,4.890000000000001
11135,4.874
11140,4.864
11145,4.859999999999999
11150,4.8580000000000005
11155,4.85
11160,4.843999999999999
11165,4.842
11170,4.852
11175,4.878
11180,4.904
11185,4.92
11190,4.933999999999999
11195,4.9639999999999995
11200,4.998
11205,5.0280000000000005
11210,5.046
11215,5.054
11220,5.056
11225,5.054
11230,5.056
11235,5.071999999999999
11240,5.1080000000000005
11245,5.15
11250,5.18
11255,5.192
11260,5.199999999999999
11265,5.22
11270,5.248
11275,5.27
11280,5.272
11285,5.2620000000000005
11290,5.248
11295,5.23
11300,5.212
11305,5.198
11310,5.188000000000001
11315,5.188000000000001
11320,5.193999999999999
11325,5.199999999999999
11330,5.198
11335,5.188000000000001
11340,5.183999999999999
11345,5.188000000000001
11350,5.196
11355,5.204
11360,5.204
11365,5.1899999999999995
11370,5.156000000000001
11375,5.1
11380,5.046
11385,5.016
11390,5.029999999999999
11395,5.077999999999999
11400,5.138
11405,5.192
11410,5.226
11415,5.228
11420,5.202
11425,5.164
11430,5.128
11435,5.102
11440,5.08
11445,5.054
11450,5.022
11455,4.998
11460,4.984
11465,4.981999999999999
11470,4.98
11475,4.974
11480,4.962
11485,4.946
11490,4.93
11495,4.926
11500,4.938000000000001
11505,4.9639999999999995
11510,4.986000000000001
11515,4.9879999999999995
11520,4.96
11525,4.914
11530,4.87
11535,4.846
11540,4.836
11545,4.8260000000000005
11550,4.804
11555,4.7780000000000005
11560,4.754
11565,4.742
11570,4.734
11575,4.712
11580,4.682
11585,4.65
11590,4.626
11595,4.616
11600,4.622
11605,4.640000000000001
11610,4.66
11615,4.68
11620,4.6899999999999995
11625,4.688000000000001
11630,4.6739999999999995
11635,4.656000000000001
11640,4.644
11645,4.651999999999999
11650,4.676
11655,4.696
11660,4.683999999999999
11665,4.63
11670,4.5600000000000005
11675,4.502
11680,4.478
11685,4.486000000000001
11690,4.508
11695,4.5280000000000005
11700,4.536
11705,4.534
11710,4.523999999999999
11715,4.508
11720,4.492
11725,4.478
11730,4.466
11735,4.462
11740,4.466
11745,4.48
11750,4.496
11755,4.5120000000000005
11760,4.526
11765,4.529999999999999
11770,4.523999999999999
11775,4.502
11780,4.47
11785,4.432
11790,4.396000000000001
11795,4.366
11800,4.348
11805,4.35
11810,4.37
11815,4.398
11820,4.432
11825,4.462
11830,4.484
11835,4.494
11840,4.49
11845,4.476
11850,4.4559999999999995
11855,4.433999999999999
11860,4.412
11865,4.3919999999999995
11870,4.38
11875,4.378
11880,4.386
11885,4.404
11890,4.414
11895,4.398
11900,4.366
11905,4.336
11910,4.3100000000000005
11915,4.284
11920,4.2620000000000005
11925,4.25
11930,4.26
11935,4.292
11940,4.338
11945,4.378
11950,4.396000000000001
11955,4.388
11960,4.3580000000000005
11965,4.342
11970,4.352
11975,4.364
11980,4.356
11985,4.32
11990,4.304
11995,4.308
12000,4.327999999999999
12005,4.353999999999999
12010,4.346
12015,4.318
12020,4.3
12025,4.288
12030,4.258
12035,4.2379999999999995
12040,4.242
12045,4.258
12050,4.256
12055,4.242
12060,4.254
12065,4.246
12070,4.22
12075,4.2059999999999995
12080,4.202
12085,4.17
12090,4.132
12095,4.132
12100,4.164
12105,4.2139999999999995
12110,4.226
12115,4.188000000000001
12120,4.144
12125,4.112
12130,4.098
12135,4.0760000000000005
12140,4.068
12145,4.068
12150,4.058
12155,4.0280000000000005
12160,3.998
12165,3.9960000000000004
12170,4.008
12175,4.02
12180,4.023999999999999
12185,3.9960000000000004
12190,3.9799999999999995
12195,4.013999999999999
12200,4.044
12205,4.044
12210,4.058
12215,4.042
12220,3.9880000000000004
12225,3.942
12230,3.894
12235,3.846
12240,3.8019999999999996
12245,3.768
12250,3.782
12255,3.8099999999999996
12260,3.808
12265,3.7860000000000005
12270,3.8019999999999996
12275,3.8360000000000003
12280,3.856
12285,3.848
12290,3.8179999999999996
12295,3.768
12300,3.716
12305,3.6580000000000004
12310,3.6019999999999994
12315,3.564
12320,3.5619999999999994
12325,3.598
12330,3.66
12335,3.702
12340,3.692
12345,3.638
12350,3.5679999999999996
12355,3.502
12360,3.46
12365,3.442
12370,3.4379999999999997
12375,3.4339999999999993
12380,3.426
12385,3.4160000000000004
12390,3.396
12395,3.354
12400,3.3039999999999994
12405,3.258
12410,3.226
12415,3.2039999999999997
12420,3.202
12425,3.218
12430,3.2380000000000004
12435,3.25
12440,3.248
12445,3.2380000000000004
12450,3.234
12455,3.2359999999999998
12460,3.25
12465,3.2719999999999994
12470,3.3039999999999994
12475,3.348
12480,3.3999999999999995
12485,3.45
12490,3.492
12495,3.5360000000000005
12500,3.5760000000000005
