years_bp,solar_delta_14c
0,-24.5
1,-24.1
2,-23.8
3,-23.3
4,-22.9
5,-22.5
6,-22.0
7,-21.5
8,-20.9
9,-20.3
10,-19.7
11,-19.1
12,-18.6
13,-18.3
14,-18.0
15,-17.9
16,-17.9
17,-18.0
18,-18.0
19,-17.9
20,-17.8
21,-17.5
22,-17.1
23,-16.5
24,-16.0
25,-15.4
26,-14.9
27,-14.5
28,-14.1
29,-13.8
30,-13.4
31,-12.9
32,-12.4
33,-11.9
34,-11.5
35,-11.0
36,-10.7
37,-10.4
38,-10.2
39,-10.0
40,-9.7
41,-9.4
42,-8.9
43,-8.4
44,-7.8
45,-7.2
46,-6.7
47,-6.3
48,-6.0
49,-5.9
50,-5.9
51,-5.9
52,-5.9
53,-5.8
54,-5.7
55,-5.6
56,-5.5
57,-5.6
58,-5.8
59,-6.1
60,-6.4
61,-6.7
62,-6.8
63,-6.8
64,-6.7
65,-6.5
66,-6.3
67,-6.1
68,-6.0
69,-6.0
70,-6.2
71,-6.5
72,-6.8
73,-7.0
74,-7.1
75,-7.1
76,-7.0
77,-6.7
78,-6.3
79,-6.0
80,-5.7
81,-5.5
82,-5.5
83,-5.5
84,-5.6
85,-5.6
86,-5.6
87,-5.4
88,-5.1
89,-4.9
90,-4.6
91,-4.4
92,-4.4
93,-4.3
94,-4.3
95,-4.3
96,-4.2
97,-4.0
98,-3.8
99,-3.6
100,-3.4
101,-3.2
102,-3.0
103,-2.9
104,-2.9
105,-2.8
106,-2.8
107,-2.8
108,-2.9
109,-2.8
110,-2.7
111,-2.5
112,-2.2
113,-1.8
114,-1.3
115,-0.6
116,0.0
117,0.7
118,1.4
119,1.9
120,2.4
121,2.7
122,2.9
123,2.9
124,2.8
125,2.7
126,2.5
127,2.5
128,2.5
129,2.6
130,2.7
131,2.9
132,2.9
133,2.9
134,2.8
135,2.7
136,2.4
137,2.1
138,1.6
139,1.1
140,0.4
141,-0.3
142,-0.8
143,-1.3
144,-1.6
145,-1.8
146,-1.9
147,-2.0
148,-2.1
149,-2.3
150,-2.7
151,-3.3
152,-4.0
153,-5.0
154,-6.0
155,-7.0
156,-7.9
157,-8.5
158,-8.9
159,-9.0
160,-9.0
161,-8.7
162,-8.3
163,-7.8
164,-7.2
165,-6.6
166,-6.0
167,-5.3
168,-4.6
169,-3.8
170,-3.0
171,-2.2
172,-1.5
173,-1.0
174,-0.6
175,-0.5
176,-0.5
177,-0.7
178,-0.9
179,-1.1
180,-1.2
181,-1.1
182,-0.9
183,-0.5
184,-0.1
185,0.4
186,0.9
187,1.4
188,1.9
189,2.4
190,2.9
191,3.3
192,3.5
193,3.6
194,3.5
195,3.3
196,3.0
197,2.8
198,2.5
199,2.3
200,2.2
201,2.1
202,2.1
203,2.2
204,2.2
205,2.4
206,2.6
207,2.9
208,3.3
209,3.7
210,4.3
211,4.7
212,5.2
213,5.5
214,5.8
215,6.0
216,6.2
217,6.5
218,6.9
219,7.4
220,8.0
221,8.8
222,9.5
223,10.2
224,10.9
225,11.5
226,12.1
227,12.7
228,13.3
229,14.0
230,14.6
231,15.2
232,15.8
233,16.2
234,16.5
235,16.6
236,16.6
237,16.6
238,16.5
239,16.5
240,16.3
241,16.2
242,16.1
243,16.1
244,16.1
245,16.3
246,16.5
247,16.6
248,16.8
249,16.8
250,16.7
251,16.6
252,16.3
253,16.1
254,15.7
255,15.4
256,15.1
257,14.8
258,14.5
259,14.3
260,14.0
261,13.8
262,13.5
263,13.2
264,13.0
265,12.7
266,12.4
267,12.1
268,11.9
269,11.6
270,11.4
271,11.3
272,11.2
273,11.2
274,11.3
275,11.4
276,11.5
277,11.5
278,11.4
279,11.1
280,10.7
281,10.2
282,9.7
283,9.2
284,8.8
285,8.4
286,8.0
287,7.7
288,7.3
289,7.0
290,6.6
291,6.2
292,5.9
293,5.7
294,5.5
295,5.4
296,5.3
297,5.2
298,5.2
299,5.1
300,4.9
301,4.7
302,4.5
303,4.2
304,3.9
305,3.6
306,3.3
307,3.0
308,2.6
309,2.2
310,1.8
311,1.4
312,1.1
313,0.7
314,0.4
315,0.0
316,-0.5
317,-0.9
318,-1.3
319,-1.7
320,-1.9
321,-2.1
322,-2.1
323,-2.0
324,-1.8
325,-1.7
326,-1.6
327,-1.6
328,-1.8
329,-2.1
330,-2.5
331,-2.9
332,-3.2
333,-3.5
334,-3.7
335,-3.8
336,-3.8
337,-3.7
338,-3.6
339,-3.5
340,-3.5
341,-3.5
342,-3.6
343,-3.8
344,-3.9
345,-3.8
346,-3.6
347,-3.2
348,-2.8
349,-2.3
350,-1.9
351,-1.6
352,-1.3
353,-1.1
354,-0.9
355,-0.7
356,-0.4
357,-0.1
358,0.3
359,0.8
360,1.2
361,1.6
362,2.0
363,2.2
364,2.4
365,2.5
366,2.6
367,2.7
368,2.8
369,2.9
370,3.1
371,3.2
372,3.5
373,3.7
374,4.0
375,4.2
376,4.5
377,4.9
378,5.2
379,5.5
380,5.8
381,6.1
382,6.3
383,6.4
384,6.4
385,6.3
386,6.3
387,6.2
388,6.3
389,6.5
390,6.8
391,7.1
392,7.5
393,7.8
394,8.1
395,8.3
396,8.6
397,8.9
398,9.2
399,9.6
400,10.0
401,10.3
402,10.5
403,10.6
404,10.6
405,10.5
406,10.5
407,10.6
408,10.8
409,11.0
410,11.3
411,11.7
412,12.0
413,12.4
414,12.8
415,13.1
416,13.3
417,13.4
418,13.4
419,13.3
420,13.1
421,12.9
422,12.6
423,12.3
424,11.9
425,11.5
426,11.2
427,10.9
428,10.6
429,10.4
430,10.2
431,10.0
432,10.0
433,10.0
434,10.1
435,10.2
436,10.4
437,10.5
438,10.5
439,10.4
440,10.4
441,10.3
442,10.2
443,10.2
444,10.1
445,10.1
446,10.2
447,10.2
448,10.2
449,10.2
450,10.3
451,10.4
452,10.4
453,10.5
454,10.5
455,10.5
456,10.4
457,10.4
458,10.3
459,10.3
460,10.2
461,10.2
462,10.2
463,10.3
464,10.3
465,10.4
466,10.6
467,10.7
468,10.8
469,10.8
470,10.7
471,10.6
472,10.5
473,10.3
474,10.1
475,9.9
476,9.6
477,9.4
478,9.3
479,9.3
480,9.4
481,9.5
482,9.5
483,9.4
484,9.5
485,9.6
486,9.9
487,10.1
488,10.4
489,10.5
490,10.3
491,10.0
492,9.6
493,9.1
494,8.6
495,8.1
496,7.8
497,7.5
498,7.3
499,7.2
500,7.0
501,6.9
502,6.6
503,6.2
504,5.8
505,5.5
506,5.2
507,4.9
508,4.6
509,4.3
510,4.1
511,3.9
512,3.7
513,3.4
514,3.1
515,2.7
516,2.5
517,2.3
518,2.1
519,2.0
520,2.0
521,2.0
522,2.0
523,1.9
524,1.6
525,1.3
526,0.8
527,0.3
528,-0.1
529,-0.5
530,-0.8
531,-1.0
532,-1.0
533,-1.0
534,-0.9
535,-0.8
536,-0.7
537,-0.7
538,-0.8
539,-1.0
540,-1.2
541,-1.6
542,-1.9
543,-2.3
544,-2.7
545,-3.1
546,-3.4
547,-3.7
548,-3.9
549,-4.0
550,-4.1
551,-4.4
552,-4.7
553,-5.1
554,-5.6
555,-6.1
556,-6.7
557,-7.2
558,-7.8
559,-8.3
560,-8.8
561,-9.3
562,-9.7
563,-10.0
564,-10.3
565,-10.4
566,-10.6
567,-10.7
568,-10.9
569,-11.1
570,-11.5
571,-11.9
572,-12.3
573,-12.7
574,-13.0
575,-13.1
576,-13.0
577,-12.8
578,-12.5
579,-12.0
580,-11.5
581,-10.9
582,-10.3
583,-9.8
584,-9.2
585,-8.6
586,-8.1
587,-7.6
588,-7.1
589,-6.6
590,-6.1
591,-5.6
592,-5.0
593,-4.4
594,-3.7
595,-3.0
596,-2.4
597,-1.8
598,-1.4
599,-1.1
600,-0.9
601,-0.7
602,-0.6
603,-0.4
604,-0.2
605,0.0
606,0.2
607,0.3
608,0.5
609,0.6
610,0.7
611,0.8
612,1.0
613,1.2
614,1.5
615,1.8
616,2.0
617,2.3
618,2.6
619,2.7
620,2.8
621,2.7
622,2.5
623,2.2
624,1.8
625,1.3
626,0.8
627,0.4
628,0.0
629,-0.4
630,-0.7
631,-1.0
632,-1.1
633,-1.2
634,-1.1
635,-1.0
636,-0.9
637,-0.8
638,-0.6
639,-0.5
640,-0.5
641,-0.5
642,-0.5
643,-0.7
644,-0.9
645,-1.3
646,-1.7
647,-2.1
648,-2.5
649,-2.9
650,-3.4
651,-3.8
652,-4.2
653,-4.6
654,-4.9
655,-5.1
656,-5.3
657,-5.3
658,-5.4
659,-5.5
660,-5.5
661,-5.6
662,-5.7
663,-5.9
664,-6.0
665,-6.2
666,-6.5
667,-6.8
668,-7.2
669,-7.7
670,-8.3
671,-9.0
672,-9.8
673,-10.5
674,-11.1
675,-11.7
676,-12.1
677,-12.4
678,-12.7
679,-12.9
680,-13.2
681,-13.5
682,-13.8
683,-14.1
684,-14.4
685,-14.7
686,-15.1
687,-15.3
688,-15.6
689,-15.8
690,-15.9
691,-16.1
692,-16.1
693,-16.1
694,-16.1
695,-16.0
696,-16.0
697,-16.0
698,-16.0
699,-16.0
700,-15.9
701,-15.7
702,-15.5
703,-15.3
704,-15.0
705,-14.8
706,-14.6
707,-14.3
708,-14.1
709,-13.9
710,-13.6
711,-13.3
712,-13.1
713,-12.9
714,-12.7
715,-12.6
716,-12.6
717,-12.6
718,-12.7
719,-12.7
720,-12.8
721,-12.9
722,-12.9
723,-13.0
724,-13.1
725,-13.3
726,-13.5
727,-13.9
728,-14.4
729,-14.9
730,-15.6
731,-16.2
732,-16.8
733,-17.3
734,-17.7
735,-18.0
736,-18.1
737,-18.2
738,-18.3
739,-18.4
740,-18.4
741,-18.4
742,-18.4
743,-18.3
744,-18.2
745,-18.1
746,-18.0
747,-18.1
748,-18.1
749,-18.3
750,-18.5
751,-18.6
752,-18.7
753,-18.7
754,-18.5
755,-18.2
756,-17.8
757,-17.3
758,-16.9
759,-16.5
760,-16.2
761,-16.0
762,-15.7
763,-15.5
764,-15.2
765,-14.9
766,-14.7
767,-14.6
768,-14.5
769,-14.6
770,-14.8
771,-15.0
772,-15.3
773,-15.5
774,-15.7
775,-15.8
776,-15.9
777,-15.8
778,-15.7
779,-15.6
780,-15.3
781,-15.2
782,-15.1
783,-15.2
784,-15.4
785,-15.6
786,-15.9
787,-16.2
788,-16.5
789,-16.8
790,-17.1
791,-17.5
792,-17.8
793,-18.3
794,-18.7
795,-19.2
796,-19.6
797,-20.0
798,-20.2
799,-20.4
800,-20.5
801,-20.6
802,-20.6
803,-20.7
804,-20.7
805,-20.7
806,-20.6
807,-20.5
808,-20.3
809,-19.9
810,-19.6
811,-19.2
812,-18.8
813,-18.5
814,-18.3
815,-18.2
816,-18.1
817,-18.1
818,-18.1
819,-18.1
820,-18.0
821,-18.0
822,-17.9
823,-17.9
824,-17.9
825,-18.0
826,-18.0
827,-18.0
828,-18.0
829,-18.0
830,-18.0
831,-18.0
832,-17.9
833,-18.0
834,-18.0
835,-18.0
836,-18.1
837,-18.1
838,-18.1
839,-18.0
840,-17.8
841,-17.6
842,-17.4
843,-17.1
844,-16.7
845,-16.3
846,-15.9
847,-15.5
848,-15.2
849,-14.8
850,-14.6
851,-14.4
852,-14.3
853,-14.2
854,-14.3
855,-14.4
856,-14.6
857,-14.8
858,-14.9
859,-15.0
860,-15.0
861,-14.9
862,-14.7
863,-14.5
864,-14.2
865,-13.8
866,-13.4
867,-12.9
868,-12.3
869,-11.7
870,-11.0
871,-10.4
872,-9.8
873,-9.3
874,-9.0
875,-8.8
876,-8.6
877,-8.5
878,-8.4
879,-8.3
880,-8.2
881,-8.0
882,-7.9
883,-7.9
884,-7.8
885,-7.7
886,-7.6
887,-7.5
888,-7.3
889,-7.1
890,-6.8
891,-6.5
892,-6.2
893,-5.9
894,-5.6
895,-5.6
896,-5.8
897,-6.1
898,-6.6
899,-7.1
900,-7.6
901,-8.1
902,-8.4
903,-8.7
904,-8.9
905,-9.0
906,-9.1
907,-9.1
908,-9.1
909,-9.1
910,-9.2
911,-9.3
912,-9.5
913,-9.7
914,-10.0
915,-10.3
916,-10.6
917,-11.0
918,-11.4
919,-11.7
920,-12.1
921,-12.4
922,-12.7
923,-13.0
924,-13.3
925,-13.7
926,-14.1
927,-14.6
928,-15.2
929,-15.7
930,-16.2
931,-16.6
932,-16.9
933,-17.0
934,-17.0
935,-17.0
936,-17.0
937,-16.9
938,-17.0
939,-17.0
940,-17.0
941,-17.0
942,-16.8
943,-16.5
944,-16.0
945,-15.5
946,-14.9
947,-14.3
948,-13.8
949,-13.4
950,-13.0
951,-12.7
952,-12.6
953,-12.8
954,-13.3
955,-14.2
956,-15.4
957,-16.8
958,-18.0
959,-18.9
960,-19.4
961,-19.8
962,-19.9
963,-19.8
964,-19.7
965,-19.4
966,-19.2
967,-18.9
968,-18.6
969,-18.4
970,-18.3
971,-18.4
972,-18.7
973,-19.0
974,-19.5
975,-19.9
976,-20.3
977,-20.5
978,-20.7
979,-20.7
980,-20.5
981,-20.3
982,-19.9
983,-19.6
984,-19.4
985,-19.2
986,-19.0
987,-18.9
988,-18.8
989,-18.7
990,-18.7
991,-18.7
992,-18.7
993,-18.7
994,-18.7
995,-18.8
996,-18.8
997,-18.9
998,-19.0
999,-19.0
1000,-19.1
1001,-19.1
1002,-19.2
1003,-19.2
1004,-19.3
1005,-19.3
1006,-19.3
1007,-19.3
1008,-19.3
1009,-19.3
1010,-19.3
1011,-19.2
1012,-19.1
1013,-19.1
1014,-19.0
1015,-18.8
1016,-18.7
1017,-18.5
1018,-18.3
1019,-18.1
1020,-17.9
1021,-17.6
1022,-17.3
1023,-17.0
1024,-16.7
1025,-16.3
1026,-16.0
1027,-15.6
1028,-15.2
1029,-14.8
1030,-14.5
1031,-14.1
1032,-13.7
1033,-13.3
1034,-13.0
1035,-12.6
1036,-12.3
1037,-12.0
1038,-11.7
1039,-11.5
1040,-11.3
1041,-11.1
1042,-10.9
1043,-10.8
1044,-10.7
1045,-10.7
1046,-10.7
1047,-10.8
1048,-10.9
1049,-11.1
1050,-11.2
1051,-11.5
1052,-11.7
1053,-12.0
1054,-12.3
1055,-12.6
1056,-13.0
1057,-13.3
1058,-13.7
1059,-14.0
1060,-14.4
1061,-14.8
1062,-15.2
1063,-15.5
1064,-15.9
1065,-16.3
1066,-16.6
1067,-16.9
1068,-17.2
1069,-17.5
1070,-17.7
1071,-17.9
1072,-18.1
1073,-18.3
1074,-18.4
1075,-18.5
1076,-18.6
1077,-18.6
1078,-18.6
1079,-18.7
1080,-18.6
1081,-18.6
1082,-18.5
1083,-18.5
1084,-18.4
1085,-18.3
1086,-18.1
1087,-18.0
1088,-17.9
1089,-17.7
1090,-17.5
1091,-17.3
1092,-17.1
1093,-16.9
1094,-16.7
1095,-16.5
1096,-16.3
1097,-16.1
1098,-15.9
1099,-15.6
1100,-15.4
1101,-15.2
1102,-15.0
1103,-14.8
1104,-14.6
1105,-14.4
1106,-14.2
1107,-14.0
1108,-13.8
1109,-13.7
1110,-13.6
1111,-13.4
1112,-13.3
1113,-13.3
1114,-13.2
1115,-13.2
1116,-13.2
1117,-13.2
1118,-13.2
1119,-13.3
1120,-13.4
1121,-13.5
1122,-13.6
1123,-13.8
1124,-14.0
1125,-14.1
1126,-14.3
1127,-14.5
1128,-14.6
1129,-14.8
1130,-14.9
1131,-15.0
1132,-15.0
1133,-15.1
1134,-15.0
1135,-15.0
1136,-14.8
1137,-14.6
1138,-14.3
1139,-14.0
1140,-13.7
1141,-13.4
1142,-13.2
1143,-13.1
1144,-13.0
1145,-13.0
1146,-12.9
1147,-12.9
1148,-12.8
1149,-12.8
1150,-12.7
1151,-12.7
1152,-12.8
1153,-12.9
1154,-13.0
1155,-13.0
1156,-13.0
1157,-12.8
1158,-12.5
1159,-11.9
1160,-11.1
1161,-10.3
1162,-9.3
1163,-8.5
1164,-7.8
1165,-7.3
1166,-6.8
1167,-6.4
1168,-5.9
1169,-5.4
1170,-4.6
1171,-3.7
1172,-3.1
1173,-3.2
1174,-4.7
1175,-7.6
1176,-11.8
1177,-15.5
1178,-17.8
1179,-18.9
1180,-19.1
1181,-19.0
1182,-18.6
1183,-18.0
1184,-17.3
1185,-16.8
1186,-16.3
1187,-16.0
1188,-16.0
1189,-16.1
1190,-16.5
1191,-17.0
1192,-17.5
1193,-18.0
1194,-18.3
1195,-18.3
1196,-18.1
1197,-17.7
1198,-17.3
1199,-17.0
1200,-16.6
1201,-16.3
1202,-16.1
1203,-15.8
1204,-15.5
1205,-15.2
1206,-14.7
1207,-14.2
1208,-13.6
1209,-12.9
1210,-12.3
1211,-11.7
1212,-11.1
1213,-10.7
1214,-10.4
1215,-10.2
1216,-10.1
1217,-10.0
1218,-9.9
1219,-9.8
1220,-9.8
1221,-9.7
1222,-9.6
1223,-9.4
1224,-9.2
1225,-8.9
1226,-8.5
1227,-8.1
1228,-7.7
1229,-7.4
1230,-7.2
1231,-7.1
1232,-7.0
1233,-6.9
1234,-6.8
1235,-6.8
1236,-6.6
1237,-6.4
1238,-6.2
1239,-5.9
1240,-5.7
1241,-5.7
1242,-5.9
1243,-6.4
1244,-6.9
1245,-7.4
1246,-7.9
1247,-8.3
1248,-8.5
1249,-8.6
1250,-8.6
1251,-8.4
1252,-8.1
1253,-7.8
1254,-7.5
1255,-7.1
1256,-6.9
1257,-6.7
1258,-6.6
1259,-6.6
1260,-6.7
1261,-6.7
1262,-6.8
1263,-6.9
1264,-7.0
1265,-7.1
1266,-7.2
1267,-7.3
1268,-7.4
1269,-7.5
1270,-7.6
1271,-7.7
1272,-7.9
1273,-8.0
1274,-8.2
1275,-8.3
1276,-8.5
1277,-8.6
1278,-8.8
1279,-9.0
1280,-9.2
1281,-9.5
1282,-9.7
1283,-10.0
1284,-10.3
1285,-10.5
1286,-10.9
1287,-11.2
1288,-11.5
1289,-11.9
1290,-12.3
1291,-12.6
1292,-13.0
1293,-13.4
1294,-13.8
1295,-14.2
1296,-14.7
1297,-15.1
1298,-15.5
1299,-15.9
1300,-16.3
1301,-16.8
1302,-17.2
1303,-17.6
1304,-18.0
1305,-18.4
1306,-18.7
1307,-19.1
1308,-19.4
1309,-19.8
1310,-20.1
1311,-20.4
1312,-20.6
1313,-20.9
1314,-21.0
1315,-21.2
1316,-21.3
1317,-21.3
1318,-21.2
1319,-21.1
1320,-21.0
1321,-20.8
1322,-20.5
1323,-20.2
1324,-19.9
1325,-19.6
1326,-19.3
1327,-19.0
1328,-18.7
1329,-18.4
1330,-18.1
1331,-17.8
1332,-17.6
1333,-17.3
1334,-17.1
1335,-16.8
1336,-16.7
1337,-16.5
1338,-16.5
1339,-16.4
1340,-16.5
1341,-16.6
1342,-16.8
1343,-17.1
1344,-17.4
1345,-17.7
1346,-18.1
1347,-18.5
1348,-18.9
1349,-19.2
1350,-19.5
1351,-19.8
1352,-20.1
1353,-20.3
1354,-20.4
1355,-20.5
1356,-20.6
1357,-20.7
1358,-20.7
1359,-20.7
1360,-20.7
1361,-20.7
1362,-20.7
1363,-20.6
1364,-20.6
1365,-20.6
1366,-20.5
1367,-20.5
1368,-20.4
1369,-20.4
1370,-20.3
1371,-20.3
1372,-20.3
1373,-20.3
1374,-20.3
1375,-20.4
1376,-20.4
1377,-20.5
1378,-20.6
1379,-20.7
1380,-20.8
1381,-20.9
1382,-21.0
1383,-21.1
1384,-21.2
1385,-21.4
1386,-21.5
1387,-21.6
1388,-21.7
1389,-21.7
1390,-21.8
1391,-21.8
1392,-21.8
1393,-21.8
1394,-21.7
1395,-21.7
1396,-21.6
1397,-21.6
1398,-21.6
1399,-21.6
1400,-21.7
1401,-21.8
1402,-22.0
1403,-22.2
1404,-22.4
1405,-22.7
1406,-23.0
1407,-23.2
1408,-23.5
1409,-23.8
1410,-24.0
1411,-24.3
1412,-24.6
1413,-24.9
1414,-25.1
1415,-25.4
1416,-25.7
1417,-25.9
1418,-26.1
1419,-26.3
1420,-26.5
1421,-26.6
1422,-26.7
1423,-26.7
1424,-26.7
1425,-26.7
1426,-26.7
1427,-26.6
1428,-26.5
1429,-26.3
1430,-26.0
1431,-25.8
1432,-25.4
1433,-25.1
1434,-24.7
1435,-24.4
1436,-24.1
1437,-23.9
1438,-23.8
1439,-23.8
1440,-23.8
1441,-23.8
1442,-23.8
1443,-23.9
1444,-23.9
1445,-23.9
1446,-23.8
1447,-23.6
1448,-23.5
1449,-23.2
1450,-22.9
1451,-22.5
1452,-22.1
1453,-21.7
1454,-21.2
1455,-20.8
1456,-20.4
1457,-20.0
1458,-19.7
1459,-19.4
1460,-19.2
1461,-19.0
1462,-18.9
1463,-18.7
1464,-18.6
1465,-18.5
1466,-18.4
1467,-18.3
1468,-18.2
1469,-18.3
1470,-18.4
1471,-18.6
1472,-18.9
1473,-19.2
1474,-19.6
1475,-19.9
1476,-20.2
1477,-20.4
1478,-20.5
1479,-20.5
1480,-20.4
1481,-20.1
1482,-19.9
1483,-19.6
1484,-19.2
1485,-18.9
1486,-18.5
1487,-18.1
1488,-17.7
1489,-17.3
1490,-16.9
1491,-16.6
1492,-16.4
1493,-16.3
1494,-16.2
1495,-16.2
1496,-16.2
1497,-16.2
1498,-16.1
1499,-15.8
1500,-15.5
1501,-15.2
1502,-14.8
1503,-14.4
1504,-14.2
1505,-14.0
1506,-14.0
1507,-14.1
1508,-14.2
1509,-14.3
1510,-14.4
1511,-14.5
1512,-14.6
1513,-14.8
1514,-15.0
1515,-15.3
1516,-15.6
1517,-15.9
1518,-16.1
1519,-16.2
1520,-16.4
1521,-16.5
1522,-16.5
1523,-16.6
1524,-16.7
1525,-16.8
1526,-16.9
1527,-17.0
1528,-17.1
1529,-17.3
1530,-17.5
1531,-17.8
1532,-18.3
1533,-18.8
1534,-19.4
1535,-19.9
1536,-20.4
1537,-20.8
1538,-21.0
1539,-21.1
1540,-21.2
1541,-21.2
1542,-21.4
1543,-21.6
1544,-21.9
1545,-22.3
1546,-22.7
1547,-23.1
1548,-23.4
1549,-23.5
1550,-23.5
1551,-23.4
1552,-23.2
1553,-22.9
1554,-22.7
1555,-22.5
1556,-22.3
1557,-22.2
1558,-22.2
1559,-22.1
1560,-22.1
1561,-21.9
1562,-21.8
1563,-21.6
1564,-21.4
1565,-21.2
1566,-21.1
1567,-21.0
1568,-21.1
1569,-21.2
1570,-21.4
1571,-21.5
1572,-21.6
1573,-21.7
1574,-21.6
1575,-21.6
1576,-21.5
1577,-21.4
1578,-21.3
1579,-21.2
1580,-21.0
1581,-20.8
1582,-20.6
1583,-20.4
1584,-20.3
1585,-20.3
1586,-20.3
1587,-20.4
1588,-20.5
1589,-20.7
1590,-20.7
1591,-20.7
1592,-20.6
1593,-20.4
1594,-20.1
1595,-19.9
1596,-19.7
1597,-19.5
1598,-19.5
1599,-19.6
1600,-19.7
1601,-19.9
1602,-20.1
1603,-20.3
1604,-20.4
1605,-20.5
1606,-20.5
1607,-20.4
1608,-20.3
1609,-20.3
1610,-20.3
1611,-20.4
1612,-20.6
1613,-20.8
1614,-20.9
1615,-21.0
1616,-21.0
1617,-20.9
1618,-20.9
1619,-20.8
1620,-20.8
1621,-21.0
1622,-21.2
1623,-21.5
1624,-21.8
1625,-22.2
1626,-22.4
1627,-22.6
1628,-22.6
1629,-22.6
1630,-22.5
1631,-22.4
1632,-22.5
1633,-22.5
1634,-22.6
1635,-22.6
1636,-22.6
1637,-22.6
1638,-22.5
1639,-22.4
1640,-22.3
1641,-22.2
1642,-22.3
1643,-22.3
1644,-22.4
1645,-22.5
1646,-22.6
1647,-22.7
1648,-22.6
1649,-22.4
1650,-22.2
1651,-21.9
1652,-21.5
1653,-21.2
1654,-20.9
1655,-20.5
1656,-20.2
1657,-19.9
1658,-19.6
1659,-19.3
1660,-19.0
1661,-18.7
1662,-18.4
1663,-18.1
1664,-17.7
1665,-17.3
1666,-16.9
1667,-16.4
1668,-16.0
1669,-15.4
1670,-14.9
1671,-14.3
1672,-13.6
1673,-13.0
1674,-12.4
1675,-11.7
1676,-11.2
1677,-10.6
1678,-10.1
1679,-9.7
1680,-9.4
1681,-9.2
1682,-9.0
1683,-9.1
1684,-9.2
1685,-9.4
1686,-9.7
1687,-10.1
1688,-10.5
1689,-11.0
1690,-11.5
1691,-12.0
1692,-12.4
1693,-12.9
1694,-13.4
1695,-13.8
1696,-14.1
1697,-14.4
1698,-14.7
1699,-15.0
1700,-15.2
1701,-15.4
1702,-15.6
1703,-15.8
1704,-16.0
1705,-16.2
1706,-16.4
1707,-16.7
1708,-16.9
1709,-17.2
1710,-17.5
1711,-17.9
1712,-18.2
1713,-18.5
1714,-18.8
1715,-19.1
1716,-19.3
1717,-19.5
1718,-19.7
1719,-19.8
1720,-19.9
1721,-19.9
1722,-19.9
1723,-19.8
1724,-19.8
1725,-19.6
1726,-19.5
1727,-19.4
1728,-19.3
1729,-19.3
1730,-19.2
1731,-19.2
1732,-19.2
1733,-19.3
1734,-19.4
1735,-19.6
1736,-19.8
1737,-20.0
1738,-20.2
1739,-20.4
1740,-20.7
1741,-20.9
1742,-21.2
1743,-21.4
1744,-21.6
1745,-21.8
1746,-22.0
1747,-22.2
1748,-22.3
1749,-22.4
1750,-22.4
1751,-22.4
1752,-22.4
1753,-22.3
1754,-22.2
1755,-22.1
1756,-21.9
1757,-21.8
1758,-21.6
1759,-21.3
1760,-21.1
1761,-20.9
1762,-20.6
1763,-20.4
1764,-20.2
1765,-20.0
1766,-19.8
1767,-19.6
1768,-19.5
1769,-19.3
1770,-19.2
1771,-19.1
1772,-19.0
1773,-18.9
1774,-18.7
1775,-18.6
1776,-18.5
1777,-18.4
1778,-18.3
1779,-18.2
1780,-18.1
1781,-18.1
1782,-18.0
1783,-18.0
1784,-18.0
1785,-17.9
1786,-17.8
1787,-17.8
1788,-17.7
1789,-17.6
1790,-17.5
1791,-17.4
1792,-17.4
1793,-17.3
1794,-17.3
1795,-17.3
1796,-17.3
1797,-17.3
1798,-17.2
1799,-17.1
1800,-17.1
1801,-16.9
1802,-16.8
1803,-16.7
1804,-16.5
1805,-16.3
1806,-16.1
1807,-15.9
1808,-15.6
1809,-15.4
1810,-15.2
1811,-14.9
1812,-14.7
1813,-14.5
1814,-14.3
1815,-14.2
1816,-14.1
1817,-14.0
1818,-14.0
1819,-14.1
1820,-14.2
1821,-14.4
1822,-14.7
1823,-15.0
1824,-15.4
1825,-15.8
1826,-16.3
1827,-16.7
1828,-17.2
1829,-17.6
1830,-17.9
1831,-18.2
1832,-18.4
1833,-18.5
1834,-18.6
1835,-18.7
1836,-18.8
1837,-18.8
1838,-18.9
1839,-18.9
1840,-18.9
1841,-19.0
1842,-19.1
1843,-19.2
1844,-19.3
1845,-19.3
1846,-19.3
1847,-19.2
1848,-19.0
1849,-18.8
1850,-18.4
1851,-18.0
1852,-17.5
1853,-17.0
1854,-16.5
1855,-16.0
1856,-15.5
1857,-15.0
1858,-14.6
1859,-14.2
1860,-14.0
1861,-13.9
1862,-13.9
1863,-14.0
1864,-14.2
1865,-14.5
1866,-14.8
1867,-15.0
1868,-15.3
1869,-15.6
1870,-15.8
1871,-16.0
1872,-16.1
1873,-16.1
1874,-16.1
1875,-16.0
1876,-15.9
1877,-15.8
1878,-15.8
1879,-15.7
1880,-15.6
1881,-15.6
1882,-15.6
1883,-15.7
1884,-15.7
1885,-15.8
1886,-16.0
1887,-16.1
1888,-16.2
1889,-16.4
1890,-16.6
1891,-16.7
1892,-16.9
1893,-17.0
1894,-17.1
1895,-17.2
1896,-17.2
1897,-17.2
1898,-17.1
1899,-16.9
1900,-16.7
1901,-16.4
1902,-16.2
1903,-15.9
1904,-15.6
1905,-15.3
1906,-15.0
1907,-14.8
1908,-14.5
1909,-14.3
1910,-14.1
1911,-13.9
1912,-13.7
1913,-13.5
1914,-13.3
1915,-13.2
1916,-13.1
1917,-13.0
1918,-12.9
1919,-13.0
1920,-13.0
1921,-13.1
1922,-13.2
1923,-13.4
1924,-13.6
1925,-13.8
1926,-14.0
1927,-14.2
1928,-14.4
1929,-14.6
1930,-14.7
1931,-14.8
1932,-14.9
1933,-14.9
1934,-14.9
1935,-14.8
1936,-14.8
1937,-14.8
1938,-14.7
1939,-14.7
1940,-14.7
1941,-14.8
1942,-14.9
1943,-15.0
1944,-15.2
1945,-15.4
1946,-15.7
1947,-16.1
1948,-16.5
1949,-16.8
1950,-17.1
1951,-17.3
1952,-17.5
1953,-17.5
1954,-17.4
1955,-17.2
1956,-17.0
1957,-16.6
1958,-16.2
1959,-15.7
1960,-15.2
1961,-14.6
1962,-14.0
1963,-13.4
1964,-12.9
1965,-12.6
1966,-12.2
1967,-12.0
1968,-11.8
1969,-11.7
1970,-11.6
1971,-11.5
1972,-11.4
1973,-11.3
1974,-11.3
1975,-11.2
1976,-11.1
1977,-11.0
1978,-10.9
1979,-10.8
1980,-10.7
1981,-10.6
1982,-10.6
1983,-10.6
1984,-10.7
1985,-10.9
1986,-11.1
1987,-11.3
1988,-11.6
1989,-11.9
1990,-12.2
1991,-12.5
1992,-12.8
1993,-13.2
1994,-13.5
1995,-13.9
1996,-14.2
1997,-14.5
1998,-14.9
1999,-15.2
2000,-15.6
2001,-16.0
2002,-16.3
2003,-16.7
2004,-17.1
2005,-17.4
2006,-17.7
2007,-17.9
2008,-18.1
2009,-18.2
2010,-18.2
2011,-18.2
2012,-18.1
2013,-17.9
2014,-17.7
2015,-17.4
2016,-17.2
2017,-16.8
2018,-16.5
2019,-16.2
2020,-15.9
2021,-15.5
2022,-15.2
2023,-14.9
2024,-14.6
2025,-14.3
2026,-14.0
2027,-13.7
2028,-13.4
2029,-13.2
2030,-12.9
2031,-12.7
2032,-12.5
2033,-12.3
2034,-12.1
2035,-12.0
2036,-11.9
2037,-11.9
2038,-11.9
2039,-12.0
2040,-12.0
2041,-12.2
2042,-12.3
2043,-12.5
2044,-12.7
2045,-12.8
2046,-12.9
2047,-13.0
2048,-13.0
2049,-13.1
2050,-13.1
2051,-13.1
2052,-13.2
2053,-13.2
2054,-13.2
2055,-13.2
2056,-13.2
2057,-13.2
2058,-13.2
2059,-13.2
2060,-13.1
2061,-13.0
2062,-13.0
2063,-12.9
2064,-12.8
2065,-12.8
2066,-12.7
2067,-12.6
2068,-12.6
2069,-12.5
2070,-12.5
2071,-12.4
2072,-12.4
2073,-12.3
2074,-12.3
2075,-12.2
2076,-12.1
2077,-11.9
2078,-11.7
2079,-11.5
2080,-11.3
2081,-11.0
2082,-10.8
2083,-10.6
2084,-10.4
2085,-10.2
2086,-10.0
2087,-9.8
2088,-9.5
2089,-9.3
2090,-9.1
2091,-8.9
2092,-8.8
2093,-8.6
2094,-8.6
2095,-8.5
2096,-8.6
2097,-8.6
2098,-8.8
2099,-8.9
2100,-9.0
2101,-9.1
2102,-9.1
2103,-9.1
2104,-9.1
2105,-9.1
2106,-9.0
2107,-8.9
2108,-8.9
2109,-8.8
2110,-8.8
2111,-8.7
2112,-8.7
2113,-8.7
2114,-8.8
2115,-8.9
2116,-9.0
2117,-9.1
2118,-9.3
2119,-9.5
2120,-9.8
2121,-10.0
2122,-10.3
2123,-10.6
2124,-10.9
2125,-11.2
2126,-11.4
2127,-11.6
2128,-11.6
2129,-11.6
2130,-11.5
2131,-11.4
2132,-11.1
2133,-10.9
2134,-10.6
2135,-10.2
2136,-9.9
2137,-9.7
2138,-9.4
2139,-9.2
2140,-9.0
2141,-8.9
2142,-8.9
2143,-8.9
2144,-9.0
2145,-9.2
2146,-9.5
2147,-9.8
2148,-10.2
2149,-10.6
2150,-11.1
2151,-11.5
2152,-12.0
2153,-12.5
2154,-12.9
2155,-13.4
2156,-13.8
2157,-14.1
2158,-14.4
2159,-14.6
2160,-14.7
2161,-14.8
2162,-14.7
2163,-14.6
2164,-14.4
2165,-14.2
2166,-13.9
2167,-13.6
2168,-13.3
2169,-13.0
2170,-12.7
2171,-12.5
2172,-12.3
2173,-12.1
2174,-12.1
2175,-12.0
2176,-12.1
2177,-12.2
2178,-12.5
2179,-12.8
2180,-13.2
2181,-13.6
2182,-14.0
2183,-14.4
2184,-14.8
2185,-15.0
2186,-15.1
2187,-15.1
2188,-14.9
2189,-14.6
2190,-14.3
2191,-13.9
2192,-13.4
2193,-13.0
2194,-12.6
2195,-12.2
2196,-11.9
2197,-11.6
2198,-11.4
2199,-11.2
2200,-11.1
2201,-11.0
2202,-10.9
2203,-10.9
2204,-10.9
2205,-10.9
2206,-10.9
2207,-10.9
2208,-11.0
2209,-11.1
2210,-11.1
2211,-11.2
2212,-11.2
2213,-11.2
2214,-11.2
2215,-11.2
2216,-11.2
2217,-11.1
2218,-11.0
2219,-10.9
2220,-10.7
2221,-10.5
2222,-10.2
2223,-9.9
2224,-9.6
2225,-9.3
2226,-8.9
2227,-8.5
2228,-8.1
2229,-7.8
2230,-7.4
2231,-7.0
2232,-6.6
2233,-6.2
2234,-5.8
2235,-5.5
2236,-5.2
2237,-4.9
2238,-4.6
2239,-4.4
2240,-4.1
2241,-3.9
2242,-3.8
2243,-3.6
2244,-3.5
2245,-3.3
2246,-3.2
2247,-3.1
2248,-3.0
2249,-2.9
2250,-2.8
2251,-2.6
2252,-2.5
2253,-2.4
2254,-2.2
2255,-2.0
2256,-1.8
2257,-1.6
2258,-1.4
2259,-1.1
2260,-0.8
2261,-0.4
2262,-0.1
2263,0.3
2264,0.7
2265,1.1
2266,1.5
2267,2.0
2268,2.4
2269,2.8
2270,3.3
2271,3.7
2272,4.1
2273,4.5
2274,4.9
2275,5.3
2276,5.6
2277,5.9
2278,6.2
2279,6.5
2280,6.7
2281,6.8
2282,7.0
2283,7.1
2284,7.1
2285,7.1
2286,7.0
2287,6.9
2288,6.7
2289,6.5
2290,6.3
2291,6.1
2292,5.8
2293,5.5
2294,5.1
2295,4.8
2296,4.4
2297,4.1
2298,3.7
2299,3.3
2300,2.9
2301,2.6
2302,2.2
2303,1.9
2304,1.6
2305,1.3
2306,1.0
2307,0.7
2308,0.5
2309,0.3
2310,0.1
2311,0.0
2312,-0.1
2313,-0.2
2314,-0.2
2315,-0.2
2316,-0.2
2317,-0.2
2318,-0.2
2319,-0.2
2320,-0.2
2321,-0.2
2322,-0.2
2323,-0.2
2324,-0.2
2325,-0.2
2326,-0.2
2327,-0.2
2328,-0.3
2329,-0.4
2330,-0.5
2331,-0.6
2332,-0.8
2333,-1.0
2334,-1.2
2335,-1.5
2336,-1.9
2337,-2.2
2338,-2.6
2339,-3.0
2340,-3.4
2341,-3.9
2342,-4.4
2343,-4.9
2344,-5.3
2345,-5.9
2346,-6.4
2347,-6.9
2348,-7.4
2349,-7.9
2350,-8.4
2351,-8.9
2352,-9.4
2353,-9.9
2354,-10.4
2355,-10.8
2356,-11.3
2357,-11.7
2358,-12.0
2359,-12.4
2360,-12.7
2361,-13.0
2362,-13.2
2363,-13.5
2364,-13.6
2365,-13.8
2366,-14.0
2367,-14.1
2368,-14.2
2369,-14.3
2370,-14.3
2371,-14.3
2372,-14.3
2373,-14.3
2374,-14.3
2375,-14.2
2376,-14.1
2377,-14.0
2378,-13.9
2379,-13.8
2380,-13.6
2381,-13.4
2382,-13.2
2383,-13.0
2384,-12.8
2385,-12.6
2386,-12.3
2387,-12.1
2388,-11.8
2389,-11.6
2390,-11.3
2391,-11.1
2392,-10.8
2393,-10.6
2394,-10.4
2395,-10.2
2396,-10.0
2397,-9.8
2398,-9.7
2399,-9.6
2400,-9.5
2401,-9.4
2402,-9.4
2403,-9.3
2404,-9.3
2405,-9.3
2406,-9.3
2407,-9.3
2408,-9.3
2409,-9.4
2410,-9.3
2411,-9.3
2412,-9.3
2413,-9.2
2414,-9.1
2415,-9.1
2416,-9.0
2417,-8.9
2418,-8.8
2419,-8.6
2420,-8.5
2421,-8.4
2422,-8.3
2423,-8.3
2424,-8.2
2425,-8.1
2426,-8.1
2427,-8.0
2428,-8.0
2429,-8.0
2430,-7.9
2431,-7.9
2432,-7.9
2433,-7.9
2434,-7.8
2435,-7.8
2436,-7.7
2437,-7.7
2438,-7.6
2439,-7.5
2440,-7.4
2441,-7.3
2442,-7.2
2443,-7.1
2444,-7.0
2445,-6.8
2446,-6.6
2447,-6.5
2448,-6.3
2449,-6.1
2450,-5.9
2451,-5.7
2452,-5.5
2453,-5.3
2454,-5.1
2455,-4.9
2456,-4.7
2457,-4.6
2458,-4.5
2459,-4.4
2460,-4.3
2461,-4.3
2462,-4.4
2463,-4.4
2464,-4.5
2465,-4.6
2466,-4.7
2467,-4.9
2468,-5.0
2469,-5.0
2470,-5.1
2471,-5.1
2472,-5.1
2473,-5.0
2474,-4.8
2475,-4.6
2476,-4.3
2477,-4.0
2478,-3.7
2479,-3.3
2480,-3.0
2481,-2.7
2482,-2.5
2483,-2.3
2484,-2.2
2485,-2.1
2486,-2.2
2487,-2.3
2488,-2.6
2489,-2.9
2490,-3.3
2491,-3.7
2492,-4.1
2493,-4.6
2494,-5.0
2495,-5.4
2496,-5.8
2497,-6.1
2498,-6.4
2499,-6.5
2500,-6.6
2501,-6.6
2502,-6.5
2503,-6.4
2504,-6.2
2505,-6.0
2506,-5.8
2507,-5.6
2508,-5.4
2509,-5.3
2510,-5.1
2511,-5.0
2512,-5.0
2513,-5.0
2514,-5.0
2515,-5.1
2516,-5.1
2517,-5.2
2518,-5.3
2519,-5.3
2520,-5.4
2521,-5.4
2522,-5.4
2523,-5.3
2524,-5.2
2525,-5.0
2526,-4.9
2527,-4.6
2528,-4.4
2529,-4.2
2530,-3.9
2531,-3.7
2532,-3.5
2533,-3.4
2534,-3.2
2535,-3.2
2536,-3.1
2537,-3.2
2538,-3.2
2539,-3.4
2540,-3.5
2541,-3.7
2542,-3.8
2543,-4.0
2544,-4.1
2545,-4.3
2546,-4.4
2547,-4.4
2548,-4.4
2549,-4.4
2550,-4.3
2551,-4.1
2552,-3.9
2553,-3.7
2554,-3.4
2555,-3.1
2556,-2.8
2557,-2.4
2558,-2.0
2559,-1.7
2560,-1.3
2561,-1.0
2562,-0.7
2563,-0.4
2564,-0.2
2565,0.0
2566,0.1
2567,0.2
2568,0.3
2569,0.3
2570,0.3
2571,0.3
2572,0.2
2573,0.1
2574,0.0
2575,0.0
2576,0.0
2577,0.1
2578,0.3
2579,0.6
2580,0.8
2581,1.1
2582,1.5
2583,1.8
2584,2.2
2585,2.5
2586,2.8
2587,3.0
2588,3.2
2589,3.4
2590,3.6
2591,3.8
2592,4.2
2593,4.6
2594,5.1
2595,5.5
2596,6.0
2597,6.5
2598,7.0
2599,7.5
2600,8.1
2601,8.7
2602,9.3
2603,9.9
2604,10.4
2605,10.9
2606,11.3
2607,11.5
2608,11.5
2609,11.2
2610,10.7
2611,9.9
2612,8.9
2613,8.0
2614,7.1
2615,6.4
2616,5.8
2617,5.4
2618,5.1
2619,4.8
2620,4.5
2621,4.3
2622,4.1
2623,4.0
2624,4.0
2625,4.1
2626,4.5
2627,4.9
2628,5.4
2629,6.0
2630,6.5
2631,7.1
2632,7.6
2633,8.1
2634,8.5
2635,8.9
2636,9.3
2637,9.7
2638,10.1
2639,10.6
2640,11.0
2641,11.5
2642,11.9
2643,12.4
2644,12.8
2645,13.1
2646,13.4
2647,13.7
2648,14.0
2649,14.1
2650,14.2
2651,14.2
2652,14.3
2653,14.3
2654,14.5
2655,14.8
2656,15.2
2657,15.7
2658,16.3
2659,16.9
2660,17.4
2661,17.8
2662,18.1
2663,18.2
2664,18.1
2665,17.9
2666,17.6
2667,17.3
2668,17.1
2669,17.0
2670,16.9
2671,17.0
2672,17.0
2673,17.0
2674,17.1
2675,17.2
2676,17.3
2677,17.5
2678,17.6
2679,17.7
2680,17.8
2681,17.8
2682,17.7
2683,17.7
2684,17.7
2685,17.7
2686,17.6
2687,17.6
2688,17.6
2689,17.6
2690,17.6
2691,17.6
2692,17.6
2693,17.6
2694,17.5
2695,17.4
2696,17.2
2697,16.9
2698,16.6
2699,16.3
2700,16.1
2701,15.8
2702,15.6
2703,15.5
2704,15.3
2705,15.2
2706,15.0
2707,14.8
2708,14.7
2709,14.6
2710,14.6
2711,14.6
2712,14.7
2713,14.8
2714,14.8
2715,14.8
2716,14.7
2717,14.6
2718,14.4
2719,14.1
2720,13.7
2721,13.3
2722,12.9
2723,12.4
2724,11.9
2725,11.4
2726,11.0
2727,10.6
2728,10.2
2729,10.0
2730,10.0
2731,10.1
2732,10.3
2733,10.5
2734,10.7
2735,10.7
2736,10.6
2737,10.3
2738,10.0
2739,9.7
2740,9.3
2741,8.9
2742,8.5
2743,8.1
2744,7.7
2745,7.4
2746,7.2
2747,7.0
2748,6.8
2749,6.6
2750,6.4
2751,6.1
2752,5.7
2753,5.2
2754,4.6
2755,4.0
2756,3.4
2757,2.7
2758,2.2
2759,1.7
2760,1.3
2761,1.0
2762,0.8
2763,0.7
2764,0.6
2765,0.5
2766,0.4
2767,0.3
2768,0.2
2769,0.0
2770,-0.1
2771,-0.1
2772,-0.1
2773,-0.1
2774,0.0
2775,0.0
2776,0.0
2777,-0.1
2778,-0.3
2779,-0.6
2780,-1.0
2781,-1.4
2782,-1.8
2783,-2.0
2784,-2.3
2785,-2.4
2786,-2.6
2787,-2.7
2788,-2.8
2789,-2.8
2790,-2.8
2791,-2.8
2792,-2.7
2793,-2.7
2794,-2.7
2795,-2.6
2796,-2.6
2797,-2.5
2798,-2.5
2799,-2.4
2800,-2.3
2801,-2.2
2802,-2.1
2803,-2.0
2804,-1.8
2805,-1.7
2806,-1.6
2807,-1.5
2808,-1.4
2809,-1.2
2810,-1.1
2811,-0.9
2812,-0.8
2813,-0.6
2814,-0.4
2815,-0.2
2816,0.0
2817,0.2
2818,0.4
2819,0.6
2820,0.9
2821,1.1
2822,1.4
2823,1.6
2824,1.9
2825,2.2
2826,2.5
2827,2.9
2828,3.2
2829,3.5
2830,3.8
2831,4.0
2832,4.3
2833,4.5
2834,4.8
2835,4.9
2836,5.1
2837,5.1
2838,5.2
2839,5.2
2840,5.1
2841,5.0
2842,4.8
2843,4.6
2844,4.4
2845,4.1
2846,3.8
2847,3.5
2848,3.2
2849,2.9
2850,2.6
2851,2.3
2852,2.0
2853,1.7
2854,1.5
2855,1.4
2856,1.2
2857,1.1
2858,1.0
2859,1.0
2860,0.9
2861,0.9
2862,0.9
2863,0.9
2864,0.9
2865,0.9
2866,0.9
2867,0.9
2868,0.9
2869,0.9
2870,0.8
2871,0.7
2872,0.6
2873,0.5
2874,0.3
2875,0.2
2876,0.0
2877,-0.2
2878,-0.4
2879,-0.6
2880,-0.8
2881,-0.9
2882,-1.1
2883,-1.3
2884,-1.4
2885,-1.6
2886,-1.7
2887,-1.7
2888,-1.8
2889,-1.8
2890,-1.7
2891,-1.6
2892,-1.5
2893,-1.4
2894,-1.2
2895,-1.0
2896,-0.7
2897,-0.5
2898,-0.2
2899,0.1
2900,0.4
2901,0.7
2902,1.0
2903,1.3
2904,1.6
2905,1.9
2906,2.2
2907,2.4
2908,2.7
2909,2.9
2910,3.1
2911,3.2
2912,3.3
2913,3.5
2914,3.5
2915,3.6
2916,3.7
2917,3.7
2918,3.8
2919,3.8
2920,3.8
2921,3.8
2922,3.7
2923,3.7
2924,3.7
2925,3.7
2926,3.6
2927,3.6
2928,3.5
2929,3.5
2930,3.5
2931,3.4
2932,3.4
2933,3.4
2934,3.4
2935,3.4
2936,3.4
2937,3.5
2938,3.5
2939,3.6
2940,3.7
2941,3.9
2942,4.0
2943,4.1
2944,4.2
2945,4.3
2946,4.4
2947,4.5
2948,4.6
2949,4.7
2950,4.7
2951,4.7
2952,4.6
2953,4.5
2954,4.4
2955,4.2
2956,4.0
2957,3.8
2958,3.5
2959,3.3
2960,3.0
2961,2.7
2962,2.4
2963,2.1
2964,1.9
2965,1.6
2966,1.4
2967,1.2
2968,1.1
2969,1.0
2970,0.9
2971,0.9
2972,1.0
2973,1.1
2974,1.3
2975,1.5
2976,1.7
2977,1.9
2978,2.2
2979,2.5
2980,2.8
2981,3.1
2982,3.4
2983,3.7
2984,4.0
2985,4.2
2986,4.5
2987,4.6
2988,4.8
2989,4.9
2990,4.9
2991,4.9
2992,4.9
2993,4.8
2994,4.6
2995,4.4
2996,4.2
2997,4.0
2998,3.7
2999,3.5
3000,3.3
3001,3.0
3002,2.8
3003,2.6
3004,2.4
3005,2.3
3006,2.2
3007,2.2
3008,2.2
3009,2.3
3010,2.4
3011,2.5
3012,2.7
3013,2.9
3014,3.1
3015,3.4
3016,3.6
3017,3.9
3018,4.1
3019,4.3
3020,4.5
3021,4.7
3022,4.9
3023,5.1
3024,5.2
3025,5.2
3026,5.3
3027,5.3
3028,5.4
3029,5.4
3030,5.4
3031,5.4
3032,5.4
3033,5.5
3034,5.5
3035,5.6
3036,5.7
3037,5.7
3038,5.9
3039,6.0
3040,6.2
3041,6.4
3042,6.6
3043,6.9
3044,7.1
3045,7.3
3046,7.5
3047,7.7
3048,7.9
3049,8.1
3050,8.3
3051,8.4
3052,8.5
3053,8.6
3054,8.7
3055,8.7
3056,8.7
3057,8.6
3058,8.6
3059,8.6
3060,8.5
3061,8.4
3062,8.3
3063,8.3
3064,8.2
3065,8.1
3066,8.0
3067,7.9
3068,7.8
3069,7.6
3070,7.5
3071,7.3
3072,7.0
3073,6.8
3074,6.5
3075,6.2
3076,5.8
3077,5.5
3078,5.2
3079,5.0
3080,4.7
3081,4.5
3082,4.4
3083,4.3
3084,4.2
3085,4.3
3086,4.3
3087,4.5
3088,4.7
3089,5.0
3090,5.4
3091,5.9
3092,6.4
3093,7.0
3094,7.5
3095,8.1
3096,8.6
3097,9.1
3098,9.4
3099,9.6
3100,9.8
3101,9.9
3102,9.9
3103,9.8
3104,9.7
3105,9.6
3106,9.4
3107,9.3
3108,9.1
3109,9.0
3110,8.8
3111,8.7
3112,8.6
3113,8.5
3114,8.5
3115,8.5
3116,8.6
3117,8.8
3118,9.0
3119,9.2
3120,9.5
3121,9.8
3122,10.1
3123,10.5
3124,10.8
3125,11.2
3126,11.5
3127,11.9
3128,12.2
3129,12.5
3130,12.8
3131,13.0
3132,13.2
3133,13.3
3134,13.4
3135,13.5
3136,13.5
3137,13.5
3138,13.5
3139,13.4
3140,13.4
3141,13.3
3142,13.2
3143,13.1
3144,13.0
3145,12.9
3146,12.8
3147,12.8
3148,12.7
3149,12.7
3150,12.7
3151,12.7
3152,12.7
3153,12.7
3154,12.8
3155,12.9
3156,12.9
3157,13.0
3158,13.0
3159,13.0
3160,12.9
3161,12.8
3162,12.7
3163,12.5
3164,12.3
3165,12.1
3166,11.9
3167,11.6
3168,11.4
3169,11.2
3170,11.0
3171,10.9
3172,10.8
3173,10.7
3174,10.6
3175,10.6
3176,10.6
3177,10.6
3178,10.6
3179,10.6
3180,10.5
3181,10.5
3182,10.5
3183,10.5
3184,10.5
3185,10.5
3186,10.6
3187,10.7
3188,10.8
3189,11.0
3190,11.3
3191,11.5
3192,11.8
3193,12.1
3194,12.5
3195,12.8
3196,13.1
3197,13.5
3198,13.8
3199,14.0
3200,14.3
3201,14.4
3202,14.5
3203,14.5
3204,14.5
3205,14.3
3206,14.1
3207,13.9
3208,13.7
3209,13.4
3210,13.2
3211,12.9
3212,12.7
3213,12.5
3214,12.4
3215,12.2
3216,12.1
3217,12.1
3218,12.0
3219,12.0
3220,12.1
3221,12.1
3222,12.2
3223,12.3
3224,12.4
3225,12.5
3226,12.6
3227,12.6
3228,12.6
3229,12.6
3230,12.6
3231,12.5
3232,12.5
3233,12.5
3234,12.5
3235,12.5
3236,12.5
3237,12.6
3238,12.6
3239,12.7
3240,12.7
3241,12.8
3242,12.9
3243,12.9
3244,12.9
3245,13.0
3246,13.0
3247,12.9
3248,12.9
3249,12.8
3250,12.6
3251,12.5
3252,12.3
3253,12.1
3254,12.0
3255,11.9
3256,11.8
3257,11.7
3258,11.7
3259,11.7
3260,11.7
3261,11.7
3262,11.7
3263,11.7
3264,11.8
3265,11.8
3266,11.8
3267,11.7
3268,11.7
3269,11.6
3270,11.4
3271,11.3
3272,11.1
3273,10.9
3274,10.8
3275,10.7
3276,10.6
3277,10.7
3278,10.7
3279,10.8
3280,11.0
3281,11.3
3282,11.6
3283,12.0
3284,12.4
3285,12.9
3286,13.4
3287,13.9
3288,14.5
3289,15.0
3290,15.5
3291,15.9
3292,16.3
3293,16.6
3294,16.9
3295,17.2
3296,17.5
3297,17.8
3298,18.1
3299,18.4
3300,18.8
3301,19.1
3302,19.5
3303,19.8
3304,20.1
3305,20.4
3306,20.7
3307,21.0
3308,21.2
3309,21.4
3310,21.6
3311,21.8
3312,22.0
3313,22.0
3314,22.1
3315,22.2
3316,22.2
3317,22.2
3318,22.2
3319,22.1
3320,22.1
3321,22.0
3322,21.9
3323,21.8
3324,21.7
3325,21.5
3326,21.4
3327,21.3
3328,21.1
3329,21.0
3330,20.8
3331,20.6
3332,20.5
3333,20.3
3334,20.2
3335,20.1
3336,19.9
3337,19.8
3338,19.7
3339,19.6
3340,19.5
3341,19.4
3342,19.4
3343,19.4
3344,19.3
3345,19.3
3346,19.3
3347,19.3
3348,19.3
3349,19.3
3350,19.3
3351,19.2
3352,19.2
3353,19.2
3354,19.1
3355,19.0
3356,19.0
3357,18.8
3358,18.7
3359,18.6
3360,18.4
3361,18.2
3362,18.0
3363,17.8
3364,17.6
3365,17.4
3366,17.2
3367,17.0
3368,16.8
3369,16.6
3370,16.5
3371,16.3
3372,16.2
3373,16.0
3374,15.9
3375,15.8
3376,15.7
3377,15.6
3378,15.5
3379,15.4
3380,15.3
3381,15.3
3382,15.2
3383,15.1
3384,15.1
3385,15.0
3386,14.9
3387,14.9
3388,14.8
3389,14.7
3390,14.7
3391,14.6
3392,14.5
3393,14.4
3394,14.3
3395,14.2
3396,14.0
3397,13.9
3398,13.8
3399,13.7
3400,13.6
3401,13.5
3402,13.4
3403,13.3
3404,13.2
3405,13.1
3406,13.0
3407,13.0
3408,12.9
3409,12.9
3410,12.9
3411,12.9
3412,12.9
3413,12.9
3414,12.9
3415,13.0
3416,13.1
3417,13.2
3418,13.3
3419,13.5
3420,13.7
3421,13.9
3422,14.2
3423,14.5
3424,14.8
3425,15.2
3426,15.6
3427,16.1
3428,16.5
3429,16.9
3430,17.3
3431,17.7
3432,18.1
3433,18.4
3434,18.7
3435,18.9
3436,19.1
3437,19.2
3438,19.2
3439,19.1
3440,19.0
3441,18.8
3442,18.6
3443,18.3
3444,18.0
3445,17.6
3446,17.3
3447,16.9
3448,16.5
3449,16.1
3450,15.7
3451,15.3
3452,14.9
3453,14.5
3454,14.0
3455,13.6
3456,13.2
3457,12.8
3458,12.5
3459,12.3
3460,12.3
3461,12.4
3462,12.6
3463,12.7
3464,12.8
3465,12.7
3466,12.5
3467,12.2
3468,11.9
3469,11.6
3470,11.4
3471,11.3
3472,11.5
3473,12.0
3474,12.7
3475,13.3
3476,13.9
3477,14.1
3478,14.1
3479,13.8
3480,13.2
3481,12.6
3482,12.0
3483,11.7
3484,11.4
3485,11.3
3486,11.3
3487,11.2
3488,11.1
3489,11.0
3490,10.8
3491,10.7
3492,10.5
3493,10.4
3494,10.2
3495,10.0
3496,9.8
3497,9.7
3498,9.6
3499,9.7
3500,9.8
3501,10.1
3502,10.5
3503,10.9
3504,11.4
3505,11.8
3506,12.2
3507,12.3
3508,12.2
3509,12.0
3510,11.8
3511,11.7
3512,11.6
3513,11.6
3514,11.6
3515,11.7
3516,11.7
3517,11.7
3518,11.7
3519,11.8
3520,11.9
3521,12.1
3522,12.5
3523,12.9
3524,13.3
3525,13.7
3526,14.0
3527,14.3
3528,14.5
3529,14.6
3530,14.8
3531,14.9
3532,15.1
3533,15.3
3534,15.5
3535,15.8
3536,16.0
3537,16.1
3538,16.2
3539,16.3
3540,16.5
3541,16.8
3542,17.2
3543,17.6
3544,17.9
3545,18.0
3546,17.9
3547,17.8
3548,17.6
3549,17.4
3550,17.3
3551,17.3
3552,17.4
3553,17.6
3554,17.8
3555,18.0
3556,18.2
3557,18.2
3558,18.0
3559,17.8
3560,17.5
3561,17.2
3562,16.9
3563,16.7
3564,16.4
3565,16.0
3566,15.8
3567,15.6
3568,15.4
3569,15.2
3570,14.9
3571,14.6
3572,14.2
3573,13.9
3574,13.6
3575,13.3
3576,13.1
3577,13.0
3578,13.0
3579,13.0
3580,13.0
3581,13.0
3582,13.0
3583,13.1
3584,13.1
3585,13.1
3586,13.1
3587,13.2
3588,13.3
3589,13.3
3590,13.4
3591,13.4
3592,13.3
3593,13.2
3594,13.0
3595,12.8
3596,12.7
3597,12.8
3598,13.0
3599,13.4
3600,13.9
3601,14.3
3602,14.8
3603,15.2
3604,15.5
3605,15.8
3606,16.0
3607,16.2
3608,16.5
3609,16.7
3610,16.9
3611,17.1
3612,17.2
3613,17.3
3614,17.3
3615,17.3
3616,17.2
3617,17.1
3618,17.1
3619,17.1
3620,17.2
3621,17.2
3622,17.3
3623,17.5
3624,17.6
3625,17.6
3626,17.8
3627,17.9
3628,18.0
3629,18.1
3630,18.1
3631,18.2
3632,18.2
3633,18.2
3634,18.2
3635,18.1
3636,18.0
3637,17.7
3638,17.3
3639,16.9
3640,16.5
3641,16.1
3642,15.8
3643,15.5
3644,15.2
3645,15.0
3646,14.8
3647,14.5
3648,14.3
3649,14.1
3650,13.9
3651,13.8
3652,13.7
3653,13.8
3654,14.0
3655,14.2
3656,14.5
3657,14.8
3658,15.2
3659,15.7
3660,16.2
3661,16.7
3662,17.2
3663,17.7
3664,18.3
3665,18.8
3666,19.4
3667,19.9
3668,20.3
3669,20.8
3670,21.1
3671,21.5
3672,21.8
3673,22.1
3674,22.3
3675,22.4
3676,22.6
3677,22.6
3678,22.6
3679,22.6
3680,22.6
3681,22.4
3682,22.3
3683,22.1
3684,21.8
3685,21.5
3686,21.1
3687,20.7
3688,20.3
3689,19.9
3690,19.4
3691,19.0
3692,18.6
3693,18.1
3694,17.7
3695,17.4
3696,17.0
3697,16.8
3698,16.6
3699,16.4
3700,16.3
3701,16.3
3702,16.4
3703,16.5
3704,16.6
3705,16.8
3706,17.0
3707,17.3
3708,17.5
3709,17.7
3710,17.9
3711,18.1
3712,18.2
3713,18.3
3714,18.4
3715,18.4
3716,18.3
3717,18.1
3718,17.9
3719,17.7
3720,17.4
3721,17.1
3722,16.8
3723,16.5
3724,16.2
3725,15.9
3726,15.6
3727,15.3
3728,15.0
3729,14.8
3730,14.7
3731,14.5
3732,14.5
3733,14.5
3734,14.5
3735,14.6
3736,14.8
3737,15.0
3738,15.2
3739,15.4
3740,15.7
3741,16.0
3742,16.3
3743,16.6
3744,17.0
3745,17.3
3746,17.7
3747,18.0
3748,18.4
3749,18.7
3750,19.1
3751,19.4
3752,19.7
3753,19.9
3754,20.2
3755,20.4
3756,20.6
3757,20.8
3758,21.0
3759,21.1
3760,21.2
3761,21.3
3762,21.4
3763,21.4
3764,21.4
3765,21.3
3766,21.3
3767,21.2
3768,21.0
3769,20.9
3770,20.7
3771,20.5
3772,20.2
3773,20.0
3774,19.8
3775,19.6
3776,19.4
3777,19.2
3778,19.1
3779,19.0
3780,18.9
3781,18.9
3782,19.0
3783,19.1
3784,19.4
3785,19.7
3786,20.0
3787,20.5
3788,20.9
3789,21.5
3790,22.0
3791,22.6
3792,23.2
3793,23.8
3794,24.5
3795,25.1
3796,25.7
3797,26.3
3798,26.8
3799,27.3
3800,27.8
3801,28.2
3802,28.6
3803,28.9
3804,29.2
3805,29.5
3806,29.7
3807,29.9
3808,30.0
3809,30.1
3810,30.2
3811,30.2
3812,30.2
3813,30.1
3814,30.0
3815,29.9
3816,29.7
3817,29.5
3818,29.3
3819,29.0
3820,28.7
3821,28.4
3822,28.1
3823,27.8
3824,27.5
3825,27.1
3826,26.8
3827,26.4
3828,26.0
3829,25.7
3830,25.3
3831,25.0
3832,24.7
3833,24.4
3834,24.1
3835,23.8
3836,23.5
3837,23.2
3838,23.0
3839,22.8
3840,22.6
3841,22.4
3842,22.2
3843,22.1
3844,22.0
3845,21.9
3846,21.8
3847,21.7
3848,21.7
3849,21.7
3850,21.7
3851,21.7
3852,21.8
3853,21.9
3854,22.0
3855,22.2
3856,22.3
3857,22.4
3858,22.6
3859,22.8
3860,22.9
3861,23.1
3862,23.3
3863,23.4
3864,23.6
3865,23.7
3866,23.8
3867,23.9
3868,24.0
3869,24.1
3870,24.1
3871,24.2
3872,24.2
3873,24.2
3874,24.2
3875,24.2
3876,24.2
3877,24.1
3878,24.1
3879,24.1
3880,24.1
3881,24.1
3882,24.1
3883,24.1
3884,24.1
3885,24.1
3886,24.1
3887,24.1
3888,24.1
3889,24.1
3890,24.1
3891,24.0
3892,23.9
3893,23.9
3894,23.8
3895,23.7
3896,23.6
3897,23.5
3898,23.3
3899,23.2
3900,23.1
3901,23.1
3902,23.0
3903,22.9
3904,22.8
3905,22.8
3906,22.8
3907,22.8
3908,22.8
3909,22.9
3910,23.0
3911,23.1
3912,23.2
3913,23.3
3914,23.5
3915,23.6
3916,23.8
3917,23.9
3918,24.1
3919,24.2
3920,24.3
3921,24.3
3922,24.4
3923,24.3
3924,24.2
3925,24.1
3926,23.9
3927,23.6
3928,23.3
3929,23.0
3930,22.8
3931,22.4
3932,22.2
3933,22.0
3934,21.8
3935,21.7
3936,21.7
3937,21.8
3938,22.0
3939,22.3
3940,22.6
3941,23.1
3942,23.5
3943,24.0
3944,24.6
3945,25.1
3946,25.7
3947,26.2
3948,26.7
3949,27.2
3950,27.6
3951,28.0
3952,28.3
3953,28.5
3954,28.7
3955,28.8
3956,28.9
3957,29.0
3958,29.0
3959,29.0
3960,28.9
3961,28.8
3962,28.8
3963,28.7
3964,28.5
3965,28.4
3966,28.3
3967,28.1
3968,28.0
3969,27.9
3970,27.7
3971,27.6
3972,27.5
3973,27.3
3974,27.2
3975,27.1
3976,26.9
3977,26.7
3978,26.5
3979,26.2
3980,26.0
3981,25.7
3982,25.4
3983,25.1
3984,24.8
3985,24.4
3986,24.2
3987,23.9
3988,23.6
3989,23.4
3990,23.2
3991,23.1
3992,23.0
3993,22.9
3994,22.9
3995,22.9
3996,22.8
3997,22.8
3998,22.9
3999,22.9
4000,22.9
4001,22.9
4002,23.0
4003,23.0
4004,23.0
4005,23.1
4006,23.1
4007,23.1
4008,23.2
4009,23.2
4010,23.2
4011,23.3
4012,23.3
4013,23.3
4014,23.3
4015,23.4
4016,23.4
4017,23.4
4018,23.5
4019,23.6
4020,23.7
4021,23.8
4022,24.0
4023,24.1
4024,24.3
4025,24.5
4026,24.7
4027,24.9
4028,25.2
4029,25.5
4030,25.7
4031,26.1
4032,26.4
4033,26.7
4034,27.1
4035,27.4
4036,27.8
4037,28.2
4038,28.5
4039,28.9
4040,29.3
4041,29.6
4042,30.0
4043,30.4
4044,30.7
4045,31.1
4046,31.4
4047,31.7
4048,32.1
4049,32.3
4050,32.6
4051,32.9
4052,33.1
4053,33.4
4054,33.6
4055,33.7
4056,33.9
4057,34.0
4058,34.1
4059,34.1
4060,34.1
4061,34.1
4062,34.1
4063,34.1
4064,34.1
4065,34.0
4066,34.0
4067,34.0
4068,34.0
4069,34.0
4070,34.0
4071,34.0
4072,34.1
4073,34.1
4074,34.1
4075,34.1
4076,34.0
4077,33.9
4078,33.8
4079,33.6
4080,33.4
4081,33.2
4082,32.9
4083,32.6
4084,32.3
4085,31.9
4086,31.6
4087,31.2
4088,30.8
4089,30.4
4090,30.0
4091,29.6
4092,29.2
4093,28.8
4094,28.4
4095,28.1
4096,27.8
4097,27.5
4098,27.3
4099,27.1
4100,26.9
4101,26.8
4102,26.7
4103,26.7
4104,26.8
4105,26.9
4106,27.0
4107,27.2
4108,27.4
4109,27.7
4110,27.9
4111,28.2
4112,28.4
4113,28.7
4114,29.0
4115,29.3
4116,29.7
4117,30.0
4118,30.3
4119,30.6
4120,31.0
4121,31.3
4122,31.7
4123,32.0
4124,32.4
4125,32.7
4126,33.1
4127,33.4
4128,33.8
4129,34.1
4130,34.5
4131,34.8
4132,35.1
4133,35.4
4134,35.6
4135,35.8
4136,35.9
4137,35.9
4138,36.0
4139,35.9
4140,35.8
4141,35.7
4142,35.5
4143,35.2
4144,34.8
4145,34.5
4146,34.0
4147,33.6
4148,33.1
4149,32.6
4150,32.0
4151,31.5
4152,31.0
4153,30.4
4154,29.9
4155,29.4
4156,29.0
4157,28.6
4158,28.2
4159,27.9
4160,27.8
4161,27.7
4162,27.7
4163,27.8
4164,28.0
4165,28.2
4166,28.5
4167,28.8
4168,29.2
4169,29.5
4170,29.8
4171,30.1
4172,30.3
4173,30.5
4174,30.7
4175,30.9
4176,31.0
4177,31.1
4178,31.1
4179,31.1
4180,31.0
4181,30.9
4182,30.8
4183,30.7
4184,30.6
4185,30.5
4186,30.4
4187,30.3
4188,30.3
4189,30.3
4190,30.4
4191,30.5
4192,30.6
4193,30.8
4194,31.1
4195,31.4
4196,31.8
4197,32.2
4198,32.6
4199,33.0
4200,33.5
4201,34.0
4202,34.4
4203,34.9
4204,35.4
4205,35.8
4206,36.3
4207,36.7
4208,37.1
4209,37.4
4210,37.8
4211,38.0
4212,38.2
4213,38.4
4214,38.6
4215,38.7
4216,38.7
4217,38.7
4218,38.7
4219,38.7
4220,38.6
4221,38.5
4222,38.4
4223,38.3
4224,38.2
4225,38.1
4226,37.9
4227,37.8
4228,37.7
4229,37.5
4230,37.4
4231,37.2
4232,37.1
4233,37.0
4234,36.8
4235,36.6
4236,36.4
4237,36.2
4238,35.9
4239,35.6
4240,35.4
4241,35.1
4242,34.8
4243,34.6
4244,34.4
4245,34.2
4246,34.1
4247,34.0
4248,33.9
4249,33.8
4250,33.8
4251,33.8
4252,33.8
4253,33.8
4254,33.8
4255,33.8
4256,33.9
4257,33.9
4258,34.0
4259,34.0
4260,34.1
4261,34.2
4262,34.4
4263,34.5
4264,34.6
4265,34.8
4266,35.0
4267,35.2
4268,35.4
4269,35.6
4270,35.9
4271,36.2
4272,36.4
4273,36.7
4274,37.1
4275,37.4
4276,37.6
4277,37.9
4278,38.2
4279,38.4
4280,38.6
4281,38.7
4282,38.8
4283,38.8
4284,38.8
4285,38.8
4286,38.7
4287,38.6
4288,38.5
4289,38.3
4290,38.1
4291,37.9
4292,37.6
4293,37.4
4294,37.1
4295,36.8
4296,36.6
4297,36.4
4298,36.2
4299,36.0
4300,35.9
4301,35.8
4302,35.8
4303,35.8
4304,35.8
4305,35.9
4306,36.0
4307,36.2
4308,36.3
4309,36.4
4310,36.6
4311,36.7
4312,36.8
4313,36.9
4314,37.0
4315,37.0
4316,37.1
4317,37.2
4318,37.4
4319,37.5
4320,37.7
4321,37.9
4322,38.1
4323,38.4
4324,38.6
4325,38.9
4326,39.3
4327,39.6
4328,40.0
4329,40.3
4330,40.7
4331,41.1
4332,41.4
4333,41.8
4334,42.1
4335,42.5
4336,42.8
4337,43.0
4338,43.3
4339,43.5
4340,43.6
4341,43.8
4342,43.9
4343,43.9
4344,43.9
4345,43.9
4346,43.9
4347,43.8
4348,43.7
4349,43.6
4350,43.5
4351,43.4
4352,43.2
4353,43.1
4354,42.9
4355,42.8
4356,42.6
4357,42.5
4358,42.3
4359,42.2
4360,42.2
4361,42.2
4362,42.3
4363,42.5
4364,42.7
4365,43.0
4366,43.3
4367,43.7
4368,44.1
4369,44.4
4370,44.8
4371,45.1
4372,45.4
4373,45.7
4374,45.9
4375,46.1
4376,46.3
4377,46.4
4378,46.5
4379,46.6
4380,46.7
4381,46.8
4382,46.9
4383,47.0
4384,47.1
4385,47.2
4386,47.2
4387,47.3
4388,47.4
4389,47.5
4390,47.6
4391,47.7
4392,47.9
4393,48.0
4394,48.1
4395,48.2
4396,48.3
4397,48.4
4398,48.5
4399,48.6
4400,48.6
4401,48.6
4402,48.5
4403,48.4
4404,48.2
4405,48.0
4406,47.7
4407,47.4
4408,47.0
4409,46.7
4410,46.3
4411,45.9
4412,45.5
4413,45.0
4414,44.5
4415,43.9
4416,43.3
4417,42.6
4418,41.9
4419,41.1
4420,40.4
4421,39.8
4422,39.3
4423,38.9
4424,38.6
4425,38.4
4426,38.4
4427,38.5
4428,38.7
4429,38.9
4430,39.2
4431,39.5
4432,39.7
4433,39.9
4434,40.1
4435,40.2
4436,40.2
4437,40.3
4438,40.2
4439,40.1
4440,40.0
4441,39.7
4442,39.5
4443,39.1
4444,38.8
4445,38.4
4446,38.0
4447,37.6
4448,37.2
4449,36.9
4450,36.6
4451,36.3
4452,36.1
4453,36.0
4454,35.9
4455,35.9
4456,35.9
4457,36.0
4458,36.2
4459,36.4
4460,36.7
4461,37.0
4462,37.4
4463,37.8
4464,38.2
4465,38.6
4466,39.0
4467,39.4
4468,39.8
4469,40.1
4470,40.4
4471,40.6
4472,40.8
4473,41.0
4474,41.2
4475,41.5
4476,41.7
4477,42.1
4478,42.4
4479,42.8
4480,43.2
4481,43.5
4482,44.0
4483,44.3
4484,44.7
4485,45.1
4486,45.5
4487,45.8
4488,46.1
4489,46.4
4490,46.7
4491,46.9
4492,47.1
4493,47.2
4494,47.4
4495,47.5
4496,47.7
4497,47.8
4498,48.0
4499,48.1
4500,48.3
4501,48.4
4502,48.5
4503,48.6
4504,48.6
4505,48.7
4506,48.7
4507,48.7
4508,48.7
4509,48.7
4510,48.6
4511,48.5
4512,48.4
4513,48.2
4514,47.9
4515,47.6
4516,47.2
4517,46.8
4518,46.4
4519,45.9
4520,45.4
4521,44.9
4522,44.4
4523,43.9
4524,43.4
4525,42.9
4526,42.4
4527,42.0
4528,41.6
4529,41.2
4530,40.9
4531,40.7
4532,40.5
4533,40.4
4534,40.3
4535,40.3
4536,40.3
4537,40.4
4538,40.5
4539,40.7
4540,40.9
4541,41.1
4542,41.3
4543,41.5
4544,41.8
4545,42.0
4546,42.2
4547,42.4
4548,42.6
4549,42.8
4550,42.9
4551,43.1
4552,43.2
4553,43.4
4554,43.6
4555,43.8
4556,44.0
4557,44.3
4558,44.5
4559,44.8
4560,45.1
4561,45.3
4562,45.5
4563,45.7
4564,45.8
4565,45.9
4566,46.0
4567,45.9
4568,45.8
4569,45.7
4570,45.5
4571,45.2
4572,45.0
4573,44.7
4574,44.4
4575,44.2
4576,43.9
4577,43.7
4578,43.5
4579,43.3
4580,43.2
4581,43.0
4582,42.9
4583,42.8
4584,42.8
4585,42.7
4586,42.7
4587,42.7
4588,42.8
4589,42.8
4590,42.9
4591,43.1
4592,43.3
4593,43.5
4594,43.7
4595,44.0
4596,44.2
4597,44.5
4598,44.9
4599,45.2
4600,45.5
4601,45.8
4602,46.1
4603,46.3
4604,46.6
4605,46.8
4606,47.0
4607,47.1
4608,47.2
4609,47.2
4610,47.2
4611,47.2
4612,47.1
4613,47.0
4614,46.8
4615,46.7
4616,46.5
4617,46.3
4618,46.2
4619,46.0
4620,45.9
4621,45.7
4622,45.6
4623,45.5
4624,45.4
4625,45.4
4626,45.4
4627,45.4
4628,45.4
4629,45.5
4630,45.6
4631,45.7
4632,45.9
4633,46.1
4634,46.3
4635,46.6
4636,46.8
4637,47.0
4638,47.2
4639,47.4
4640,47.6
4641,47.7
4642,47.7
4643,47.7
4644,47.6
4645,47.5
4646,47.3
4647,47.1
4648,46.8
4649,46.5
4650,46.3
4651,46.0
4652,45.7
4653,45.5
4654,45.2
4655,45.1
4656,44.9
4657,44.8
4658,44.8
4659,44.9
4660,45.0
4661,45.2
4662,45.4
4663,45.6
4664,45.9
4665,46.3
4666,46.6
4667,47.0
4668,47.4
4669,47.9
4670,48.3
4671,48.8
4672,49.2
4673,49.7
4674,50.2
4675,50.6
4676,51.1
4677,51.5
4678,51.9
4679,52.3
4680,52.7
4681,53.0
4682,53.3
4683,53.6
4684,53.8
4685,54.0
4686,54.1
4687,54.2
4688,54.2
4689,54.2
4690,54.2
4691,54.1
4692,53.9
4693,53.8
4694,53.6
4695,53.5
4696,53.3
4697,53.1
4698,52.9
4699,52.7
4700,52.6
4701,52.4
4702,52.3
4703,52.2
4704,52.2
4705,52.1
4706,52.1
4707,52.1
4708,52.2
4709,52.2
4710,52.3
4711,52.3
4712,52.4
4713,52.5
4714,52.6
4715,52.7
4716,52.8
4717,52.9
4718,53.0
4719,53.0
4720,53.1
4721,53.2
4722,53.2
4723,53.2
4724,53.2
4725,53.2
4726,53.1
4727,53.1
4728,53.0
4729,52.9
4730,52.7
4731,52.6
4732,52.5
4733,52.4
4734,52.3
4735,52.2
4736,52.1
4737,52.1
4738,52.1
4739,52.2
4740,52.3
4741,52.5
4742,52.7
4743,53.0
4744,53.3
4745,53.7
4746,54.1
4747,54.6
4748,55.1
4749,55.6
4750,56.2
4751,56.8
4752,57.4
4753,58.0
4754,58.7
4755,59.3
4756,60.0
4757,60.6
4758,61.2
4759,61.9
4760,62.5
4761,63.1
4762,63.6
4763,64.2
4764,64.7
4765,65.2
4766,65.6
4767,66.1
4768,66.4
4769,66.7
4770,67.0
4771,67.3
4772,67.5
4773,67.7
4774,67.9
4775,68.0
4776,68.2
4777,68.2
4778,68.3
4779,68.3
4780,68.4
4781,68.4
4782,68.4
4783,68.3
4784,68.3
4785,68.3
4786,68.2
4787,68.1
4788,68.0
4789,67.9
4790,67.8
4791,67.7
4792,67.6
4793,67.5
4794,67.4
4795,67.3
4796,67.1
4797,67.0
4798,66.9
4799,66.8
4800,66.7
4801,66.5
4802,66.4
4803,66.3
4804,66.2
4805,66.2
4806,66.1
4807,66.0
4808,66.0
4809,65.9
4810,65.8
4811,65.8
4812,65.7
4813,65.6
4814,65.5
4815,65.4
4816,65.2
4817,65.1
4818,64.9
4819,64.7
4820,64.4
4821,64.1
4822,63.8
4823,63.5
4824,63.1
4825,62.7
4826,62.3
4827,61.9
4828,61.5
4829,61.1
4830,60.6
4831,60.2
4832,59.8
4833,59.3
4834,58.9
4835,58.5
4836,58.2
4837,57.8
4838,57.5
4839,57.1
4840,56.8
4841,56.5
4842,56.2
4843,55.9
4844,55.7
4845,55.4
4846,55.1
4847,54.9
4848,54.6
4849,54.3
4850,54.1
4851,53.8
4852,53.5
4853,53.2
4854,53.0
4855,52.7
4856,52.4
4857,52.1
4858,51.8
4859,51.5
4860,51.1
4861,50.8
4862,50.5
4863,50.2
4864,49.9
4865,49.6
4866,49.3
4867,49.0
4868,48.8
4869,48.5
4870,48.3
4871,48.0
4872,47.8
4873,47.6
4874,47.4
4875,47.2
4876,47.1
4877,47.0
4878,46.8
4879,46.7
4880,46.6
4881,46.6
4882,46.5
4883,46.5
4884,46.5
4885,46.5
4886,46.5
4887,46.5
4888,46.6
4889,46.7
4890,46.8
4891,46.9
4892,47.1
4893,47.2
4894,47.4
4895,47.6
4896,47.8
4897,48.0
4898,48.2
4899,48.3
4900,48.5
4901,48.7
4902,48.9
4903,49.0
4904,49.1
4905,49.3
4906,49.4
4907,49.5
4908,49.6
4909,49.7
4910,49.8
4911,49.9
4912,49.9
4913,50.0
4914,50.1
4915,50.2
4916,50.3
4917,50.4
4918,50.5
4919,50.6
4920,50.7
4921,50.8
4922,50.9
4923,51.1
4924,51.2
4925,51.4
4926,51.5
4927,51.7
4928,51.9
4929,52.1
4930,52.3
4931,52.5
4932,52.8
4933,53.0
4934,53.3
4935,53.5
4936,53.8
4937,54.1
4938,54.4
4939,54.7
4940,55.0
4941,55.3
4942,55.6
4943,55.9
4944,56.2
4945,56.4
4946,56.6
4947,56.8
4948,57.0
4949,57.1
4950,57.1
4951,57.1
4952,57.1
4953,57.0
4954,56.9
4955,56.7
4956,56.5
4957,56.4
4958,56.2
4959,56.0
4960,55.8
4961,55.6
4962,55.4
4963,55.3
4964,55.2
4965,55.1
4966,55.0
4967,54.9
4968,54.8
4969,54.8
4970,54.7
4971,54.6
4972,54.4
4973,54.3
4974,54.1
4975,53.8
4976,53.5
4977,53.2
4978,52.9
4979,52.6
4980,52.4
4981,52.2
4982,52.0
4983,51.9
4984,51.9
4985,51.9
4986,52.0
4987,52.1
4988,52.2
4989,52.3
4990,52.4
4991,52.5
4992,52.6
4993,52.7
4994,52.8
4995,52.9
4996,53.0
4997,53.1
4998,53.3
4999,53.5
5000,53.7
5005,55.2
5010,57.3
5015,59.2
5020,60.1
5025,60.1
5030,59.9
5035,59.6
5040,59.1
5045,57.8
5050,55.9
5055,54.1
5060,53.4
5065,53.9
5070,54.1
5075,54.4
5080,55.0
5085,55.2
5090,55.3
5095,55.9
5100,57.4
5105,59.5
5110,61.5
5115,62.7
5120,63.3
5125,63.3
5130,62.9
5135,62.4
5140,61.7
5145,60.9
5150,60.9
5155,62.0
5160,63.7
5165,65.9
5170,67.5
5175,68.3
5180,69.3
5185,70.9
5190,72.9
5195,74.6
5200,76.1
5205,77.5
5210,77.3
5215,76.4
5220,76.5
5225,77.8
5230,78.8
5235,78.5
5240,78.6
5245,79.7
5250,81.1
5255,81.8
5260,81.9
5265,82.1
5270,82.2
5275,81.7
5280,80.9
5285,79.9
5290,78.9
5295,78.2
5300,77.7
5305,76.8
5310,75.2
5315,72.7
5320,69.5
5325,65.9
5330,62.8
5335,61.3
5340,61.9
5345,63.6
5350,65.2
5355,65.5
5360,65.1
5365,65.2
5370,66.0
5375,67.6
5380,69.8
5385,71.9
5390,73.1
5395,73.6
5400,74.2
5405,75.5
5410,77.2
5415,79.0
5420,81.3
5425,83.1
5430,84.0
5435,83.6
5440,82.0
5445,80.0
5450,79.2
5455,79.2
5460,79.1
5465,78.1
5470,76.5
5475,74.4
5480,72.3
5485,70.5
5490,69.3
5495,69.1
5500,70.3
5505,72.6
5510,75.0
5515,76.0
5520,76.3
5525,77.0
5530,78.6
5535,80.4
5540,81.9
5545,82.7
5550,83.0
5555,83.1
5560,83.8
5565,84.6
5570,84.5
5575,83.4
5580,81.3
5585,77.9
5590,74.3
5595,71.5
5600,68.8
5605,66.0
5610,63.9
5615,63.9
5620,66.1
5625,68.1
5630,69.6
5635,71.1
5640,72.4
5645,73.0
5650,72.5
5655,70.7
5660,68.3
5665,67.1
5670,67.8
5675,69.0
5680,69.7
5685,70.4
5690,71.6
5695,72.8
5700,73.7
5705,74.1
5710,74.2
5715,74.0
5720,73.8
5725,73.4
5730,73.1
5735,72.8
5740,72.4
5745,71.5
5750,70.1
5755,68.6
5760,67.6
5765,67.2
5770,67.3
5775,67.8
5780,68.7
5785,69.6
5790,70.4
5795,70.7
5800,71.1
5805,72.1
5810,73.7
5815,75.0
5820,76.1
5825,78.4
5830,81.6
5835,83.3
5840,83.4
5845,83.2
5850,83.4
5855,83.4
5860,83.4
5865,83.7
5870,84.4
5875,85.2
5880,85.7
5885,85.5
5890,84.7
5895,83.3
5900,81.6
5905,79.7
5910,78.0
5915,76.7
5920,75.9
5925,75.2
5930,74.2
5935,72.9
5940,71.4
5945,70.2
5950,69.5
5955,69.9
5960,71.1
5965,73.1
5970,75.3
5975,77.4
5980,79.0
5985,78.7
5990,76.6
5995,74.5
6000,71.4
6005,69.3
6010,68.6
6015,68.3
6020,68.3
6025,68.4
6030,68.6
6035,69.0
6040,69.9
6045,71.8
6050,73.8
6055,74.9
6060,74.7
6065,74.3
6070,74.7
6075,76.1
6080,78.2
6085,80.6
6090,82.8
6095,84.6
6100,85.3
6105,84.7
6110,83.1
6115,81.0
6120,79.0
6125,77.6
6130,77.3
6135,78.6
6140,81.2
6145,84.3
6150,87.3
6155,89.7
6160,90.8
6165,90.9
6170,90.1
6175,89.0
6180,87.6
6185,86.3
6190,85.1
6195,84.0
6200,82.8
6205,81.6
6210,80.4
6215,79.4
6220,78.8
6225,78.9
6230,79.9
6235,81.8
6240,84.4
6245,87.1
6250,89.4
6255,90.9
6260,91.3
6265,90.6
6270,89.2
6275,87.4
6280,85.4
6285,83.4
6290,81.5
6295,79.6
6300,77.8
6305,75.9
6310,74.2
6315,72.8
6320,72.0
6325,72.1
6330,73.1
6335,74.4
6340,75.2
6345,75.5
6350,75.4
6355,75.1
6360,75.2
6365,76.4
6370,78.7
6375,81.3
6380,83.2
6385,83.5
6390,82.1
6395,79.7
6400,77.0
6405,75.0
6410,73.1
6415,72.8
6420,74.4
6425,76.6
6430,78.4
6435,78.6
6440,77.5
6445,76.1
6450,75.3
6455,75.1
6460,75.5
6465,76.4
6470,77.5
6475,78.6
6480,79.2
6485,78.9
6490,77.5
6495,75.5
6500,73.9
6505,73.5
6510,74.1
6515,75.2
6520,76.6
6525,77.6
6530,78.0
6535,78.0
6540,78.3
6545,79.0
6550,79.5
6555,79.2
6560,78.3
6565,77.3
6570,76.7
6575,76.9
6580,78.2
6585,80.0
6590,81.8
6595,82.9
6600,83.0
6605,82.9
6610,83.1
6615,83.9
6620,84.6
6625,84.5
6630,83.8
6635,83.0
6640,82.6
6645,82.9
6650,83.1
6655,83.2
6660,82.5
6665,81.2
6670,79.6
6675,78.0
6680,77.1
6685,77.1
6690,77.9
6695,79.0
6700,80.3
6705,81.5
6710,82.7
6715,83.6
6720,84.1
6725,84.3
6730,84.0
6735,83.3
6740,82.0
6745,80.3
6750,78.8
6755,78.4
6760,79.6
6765,81.4
6770,83.0
6775,83.7
6780,83.4
6785,82.6
6790,81.6
6795,80.0
6800,78.1
6805,77.1
6810,77.9
6815,80.3
6820,83.0
6825,84.2
6830,84.2
6835,84.6
6840,85.2
6845,84.9
6850,84.0
6855,83.2
6860,83.1
6865,83.8
6870,85.1
6875,86.3
6880,86.7
6885,86.0
6890,85.0
6895,84.2
6900,83.8
6905,84.0
6910,84.5
6915,85.3
6920,86.2
6925,87.1
6930,87.8
6935,88.1
6940,87.8
6945,86.7
6950,85.3
6955,84.6
6960,84.8
6965,85.4
6970,86.2
6975,86.7
6980,87.0
6985,87.0
6990,86.7
6995,86.2
7000,85.6
7005,85.1
7010,84.6
7015,84.2
7020,83.9
7025,83.6
7030,83.6
7035,83.9
7040,84.7
7045,86.0
7050,87.3
7055,88.4
7060,89.1
7065,89.2
7070,89.1
7075,89.1
7080,89.3
7085,89.7
7090,90.3
7095,91.2
7100,92.1
7105,93.1
7110,94.1
7115,95.4
7120,96.8
7125,98.5
7130,100.7
7135,103.2
7140,105.4
7145,106.3
7150,104.9
7155,101.4
7160,96.8
7165,92.2
7170,88.8
7175,86.8
7180,86.2
7185,86.6
7190,87.6
7195,89.1
7200,90.9
7205,92.9
7210,94.9
7215,96.9
7220,98.5
7225,99.8
7230,100.6
7235,100.8
7240,100.5
7245,99.6
7250,98.1
7255,96.2
7260,94.2
7265,92.6
7270,91.4
7275,90.8
7280,90.6
7285,90.9
7290,91.5
7295,92.4
7300,93.3
7305,94.0
7310,94.1
7315,93.5
7320,92.3
7325,90.8
7330,89.4
7335,88.4
7340,88.3
7345,88.9
7350,89.8
7355,90.5
7360,90.7
7365,90.1
7370,89.8
7375,91.0
7380,93.3
7385,95.4
7390,96.8
7395,98.4
7400,100.2
7405,102.1
7410,102.4
7415,101.6
7420,99.4
7425,92.9
7430,85.5
7435,81.9
7440,82.9
7445,84.9
7450,87.1
7455,88.5
7460,89.1
7465,89.0
7470,88.6
7475,87.9
7480,87.4
7485,87.2
7490,87.4
7495,88.2
7500,89.0
7505,89.0
7510,87.3
7515,84.4
7520,82.0
7525,81.7
7530,83.6
7535,86.9
7540,90.4
7545,93.2
7550,94.8
7555,95.1
7560,94.0
7565,91.5
7570,88.2
7575,84.9
7580,82.5
7585,81.0
7590,80.6
7595,81.1
7600,81.9
7605,82.3
7610,81.7
7615,80.3
7620,79.1
7625,78.7
7630,79.3
7635,80.5
7640,82.0
7645,83.2
7650,84.1
7655,84.4
7660,83.9
7665,82.7
7670,81.1
7675,79.2
7680,77.5
7685,76.1
7690,75.1
7695,74.5
7700,74.3
7705,74.4
7710,74.8
7715,75.4
7720,76.0
7725,76.6
7730,76.9
7735,77.1
7740,77.1
7745,76.9
7750,76.7
7755,76.7
7760,77.2
7765,78.1
7770,79.1
7775,79.8
7780,80.0
7785,79.5
7790,78.2
7795,76.5
7800,75.5
7805,76.1
7810,78.1
7815,80.4
7820,81.9
7825,82.1
7830,81.4
7835,80.3
7840,79.2
7845,78.5
7850,78.4
7855,78.9
7860,79.2
7865,78.4
7870,76.7
7875,75.0
7880,74.2
7885,74.7
7890,76.7
7895,80.1
7900,83.9
7905,86.5
7910,87.4
7915,87.3
7920,86.6
7925,85.2
7930,82.8
7935,79.9
7940,77.6
7945,77.0
7950,77.7
7955,78.5
7960,78.3
7965,77.2
7970,75.8
7975,74.4
7980,73.8
7985,73.9
7990,74.7
7995,75.9
8000,76.9
8005,77.2
8010,76.4
8015,74.7
8020,72.6
8025,70.4
8030,68.5
8035,67.1
8040,66.0
8045,65.4
8050,65.1
8055,65.2
8060,65.5
8065,66.1
8070,67.0
8075,68.0
8080,69.3
8085,70.6
8090,71.9
8095,73.2
8100,74.3
8105,75.2
8110,75.9
8115,76.2
8120,76.4
8125,76.7
8130,77.4
8135,78.4
8140,79.5
8145,80.8
8150,81.8
8155,82.5
8160,82.6
8165,81.9
8170,80.2
8175,77.8
8180,75.3
8185,72.9
8190,71.0
8195,70.0
8200,69.6
8205,69.5
8210,69.4
8215,69.0
8220,68.4
8225,68.0
8230,68.3
8235,69.4
8240,70.8
8245,72.2
8250,73.1
8255,74.1
8260,75.6
8265,77.9
8270,80.1
8275,81.2
8280,81.0
8285,80.3
8290,80.1
8295,80.8
8300,81.4
8305,81.9
8310,82.2
8315,82.2
8320,81.8
8325,81.1
8330,80.2
8335,80.3
8340,80.0
8345,78.4
8350,77.5
8355,78.1
8360,78.7
8365,78.1
8370,76.8
8375,75.7
8380,74.5
8385,73.0
8390,71.7
8395,71.6
8400,71.8
8405,71.2
8410,69.9
8415,68.6
8420,67.2
8425,65.5
8430,64.6
8435,65.1
8440,66.2
8445,66.8
8450,66.3
8455,65.2
8460,64.6
8465,64.8
8470,65.4
8475,66.2
8480,66.8
8485,67.1
8490,67.5
8495,68.6
8500,70.5
8505,72.4
8510,73.1
8515,72.3
8520,71.2
8525,71.2
8530,72.4
8535,73.2
8540,72.3
8545,69.6
8550,67.8
8555,67.4
8560,67.8
8565,68.8
8570,70.3
8575,71.9
8580,73.1
8585,73.1
8590,71.3
8595,68.3
8600,65.4
8605,63.5
8610,63.4
8615,64.6
8620,66.5
8625,68.1
8630,68.4
8635,67.3
8640,65.5
8645,63.8
8650,62.6
8655,61.7
8660,61.7
8665,63.0
8670,65.0
8675,66.9
8680,68.3
8685,69.2
8690,69.3
8695,69.1
8700,68.7
8705,69.2
8710,70.4
8715,71.2
8720,70.7
8725,69.7
8730,69.4
8735,70.4
8740,71.9
8745,72.9
8750,73.4
8755,74.0
8760,74.6
8765,75.1
8770,74.9
8775,73.7
8780,72.3
8785,71.6
8790,71.5
8795,72.1
8800,72.9
8805,73.7
8810,74.0
8815,73.6
8820,73.8
8825,75.4
8830,78.1
8835,81.0
8840,83.0
8845,84.0
8850,84.2
8855,83.9
8860,83.1
8865,81.9
8870,81.1
8875,81.9
8880,84.0
8885,86.3
8890,87.3
8895,86.4
8900,85.2
8905,85.2
8910,86.5
8915,88.9
8920,91.5
8925,93.1
8930,93.5
8935,93.4
8940,93.5
8945,94.0
8950,94.5
8955,95.2
8960,96.8
8965,98.3
8970,98.6
8975,98.0
8980,96.9
8985,95.6
8990,93.7
8995,91.0
9000,88.6
9005,87.7
9010,86.0
9015,84.1
9020,83.0
9025,81.3
9030,78.8
9035,77.0
9040,76.7
9045,77.9
9050,80.3
9055,82.9
9060,84.9
9065,86.0
9070,87.0
9075,87.7
9080,87.7
9085,86.7
9090,85.5
9095,85.0
9100,85.4
9105,86.5
9110,87.9
9115,89.2
9120,89.5
9125,88.2
9130,86.6
9135,85.5
9140,84.7
9145,83.7
9150,82.8
9155,82.5
9160,82.9
9165,84.0
9170,85.9
9175,88.4
9180,90.9
9185,93.0
9190,93.9
9195,93.7
9200,93.0
9205,92.6
9210,92.8
9215,93.6
9220,94.5
9225,95.5
9230,96.5
9235,97.6
9240,98.5
9245,99.2
9250,99.8
9255,100.1
9260,100.1
9265,99.8
9270,99.1
9275,98.2
9280,97.3
9285,96.6
9290,96.1
9295,95.8
9300,95.7
9305,95.6
9310,95.5
9315,95.3
9320,94.9
9325,94.2
9330,93.6
9335,93.7
9340,94.6
9345,96.1
9350,97.8
9355,99.4
9360,101.3
9365,103.3
9370,104.5
9375,104.7
9380,105.5
9385,107.4
9390,108.9
9395,109.1
9400,107.9
9405,106.3
9410,105.4
9415,105.3
9420,105.0
9425,104.0
9430,102.9
9435,102.3
9440,102.2
9445,102.5
9450,102.8
9455,102.9
9460,102.7
9465,102.2
9470,101.4
9475,100.4
9480,99.2
9485,97.8
9490,96.5
9495,95.6
9500,95.6
9505,96.5
9510,98.4
9515,100.6
9520,101.4
9525,100.1
9530,97.4
9535,93.5
9540,89.0
9545,84.5
9550,80.9
9555,78.3
9560,76.7
9565,76.6
9570,77.9
9575,79.8
9580,81.2
9585,82.2
9590,82.7
9595,82.9
9600,82.6
9605,82.2
9610,82.2
9615,83.0
9620,84.1
9625,84.6
9630,84.5
9635,84.9
9640,85.9
9645,87.5
9650,88.8
9655,89.2
9660,88.9
9665,88.9
9670,89.4
9675,90.0
9680,89.9
9685,89.2
9690,88.3
9695,87.5
9700,87.2
9705,87.2
9710,87.4
9715,87.7
9720,88.1
9725,88.5
9730,89.0
9735,89.5
9740,90.0
9745,90.5
9750,91.0
9755,91.5
9760,91.9
9765,92.1
9770,92.1
9775,92.0
9780,92.0
9785,92.1
9790,92.4
9795,93.0
9800,93.6
9805,94.3
9810,94.8
9815,95.2
9820,95.5
9825,95.8
9830,96.3
9835,97.3
9840,98.6
9845,100.1
9850,101.3
9855,102.2
9860,103.1
9865,104.2
9870,105.5
9875,106.7
9880,107.0
9885,106.5
9890,105.4
9895,104.0
9900,102.5
9905,101.1
9910,99.9
9915,99.2
9920,98.9
9925,99.2
9930,99.8
9935,100.7
9940,101.9
9945,103.2
9950,104.1
9955,104.3
9960,103.4
9965,101.7
9970,100.0
9975,99.8
9980,101.5
9985,104.4
9990,107.4
9995,109.7
10000,111.0
10005,111.2
10010,110.2
10015,108.9
10020,109.8
10025,111.7
10030,113.4
10035,113.9
10040,113.5
10045,112.3
10050,111.5
10055,112.4
10060,115.1
10065,118.3
10070,120.9
10075,122.4
10080,123.3
10085,123.9
10090,124.6
10095,125.8
10100,127.3
10105,127.9
10110,127.3
10115,126.1
10120,125.1
10125,124.6
10130,124.7
10135,125.2
10140,126.1
10145,126.6
10150,126.0
10155,124.9
10160,124.6
10165,124.9
10170,125.0
10175,124.4
10180,123.1
10185,121.9
10190,120.8
10195,119.7
10200,118.6
10205,117.9
10210,117.9
10215,118.4
10220,118.7
10225,117.9
10230,116.1
10235,114.1
10240,111.8
10245,109.0
10250,106.1
10255,104.5
10260,104.3
10265,104.8
10270,105.5
10275,106.1
10280,106.5
10285,106.7
10290,106.5
10295,106.1
10300,105.5
10305,105.0
10310,105.1
10315,106.1
10320,108.1
10325,110.3
10330,111.7
10335,111.4
10340,110.3
10345,110.0
10350,111.1
10355,112.7
10360,114.1
10365,114.5
10370,114.5
10375,114.2
10380,114.1
10385,114.3
10390,115.0
10395,115.9
10400,116.7
10405,116.8
10410,116.3
10415,116.0
10420,116.0
10425,116.2
10430,116.1
10435,115.5
10440,114.5
10445,113.9
10450,114.6
10455,116.4
10460,119.2
10465,122.3
10470,124.9
10475,126.0
10480,125.8
10485,124.9
10490,123.6
10495,122.2
10500,120.9
10505,119.5
10510,118.3
10515,117.4
10520,117.1
10525,117.4
10530,118.3
10535,119.9
10540,121.7
10545,123.1
10550,123.7
10555,123.8
10560,123.5
10565,123.0
10570,122.2
10575,120.6
10580,118.8
10585,117.2
10590,116.5
10595,116.2
10600,116.1
10605,115.8
10610,115.9
10615,117.3
10620,119.4
10625,121.6
10630,123.7
10635,125.6
10640,126.6
10645,126.2
10650,124.8
10655,123.4
10660,122.7
10665,122.8
10670,123.5
10675,124.3
10680,124.9
10685,125.1
10690,124.7
10695,124.0
10700,123.3
10705,122.9
10710,122.7
10715,122.7
10720,122.8
10725,122.9
10730,123.1
10735,123.2
10740,123.2
10745,123.2
10750,123.2
10755,123.2
10760,123.0
10765,122.9
10770,122.6
10775,122.3
10780,122.0
10785,121.6
10790,121.3
10795,121.0
10800,120.9
10805,120.9
10810,121.0
10815,121.1
10820,121.3
10825,121.6
10830,122.0
10835,122.7
10840,123.9
10845,125.4
10850,127.2
10855,129.0
10860,130.2
10865,130.3
10870,129.2
10875,127.7
10880,126.7
10885,126.6
10890,126.9
10895,127.1
10900,127.3
10905,127.8
10910,128.6
10915,129.6
10920,130.9
10925,132.5
10930,134.1
10935,135.0
10940,135.6
10945,137.3
10950,139.5
10955,141.2
10960,142.7
10965,144.8
10970,147.4
10975,150.2
10980,152.5
10985,153.8
10990,153.8
10995,152.8
11000,151.4
11005,149.9
11010,148.9
11015,148.8
11020,149.7
11025,151.4
11030,153.6
11035,156.0
11040,157.8
11045,159.1
11050,160.5
11055,161.4
11060,161.1
11065,159.0
11070,155.9
11075,153.6
11080,153.0
11085,153.2
11090,153.7
11095,154.0
11100,153.7
11105,153.2
11110,152.8
11115,152.9
11120,153.5
11125,154.5
11130,155.5
11135,156.3
11140,156.8
11145,157.0
11150,157.1
11155,157.5
11160,157.8
11165,157.9
11170,157.4
11175,156.1
11180,154.8
11185,154.0
11190,153.3
11195,151.8
11200,150.1
11205,148.6
11210,147.7
11215,147.3
11220,147.2
11225,147.3
11230,147.2
11235,146.4
11240,144.6
11245,142.5
11250,141.0
11255,140.4
11260,140.0
11265,139.0
11270,137.6
11275,136.5
11280,136.4
11285,136.9
11290,137.6
11295,138.5
11300,139.4
11305,140.1
11310,140.6
11315,140.6
11320,140.3
11325,140.0
11330,140.1
11335,140.6
11340,140.8
11345,140.6
11350,140.2
11355,139.8
11360,139.8
11365,140.5
11370,142.2
11375,145.0
11380,147.7
11385,149.2
11390,148.5
11395,146.1
11400,143.1
11405,140.4
11410,138.7
11415,138.6
11420,139.9
11425,141.8
11430,143.6
11435,144.9
11440,146.0
11445,147.3
11450,148.9
11455,150.1
11460,150.8
11465,150.9
11470,151.0
11475,151.3
11480,151.9
11485,152.7
11490,153.5
11495,153.7
11500,153.1
11505,151.8
11510,150.7
11515,150.6
11520,152.0
11525,154.3
11530,156.5
11535,157.7
11540,158.2
11545,158.7
11550,159.8
11555,161.1
11560,162.3
11565,162.9
11570,163.3
11575,164.4
11580,165.9
11585,167.5
11590,168.7
11595,169.2
11600,168.9
11605,168.0
11610,167.0
11615,166.0
11620,165.5
11625,165.6
11630,166.3
11635,167.2
11640,167.8
11645,167.4
11650,166.2
11655,165.2
11660,165.8
11665,168.5
11670,172.0
11675,174.9
11680,176.1
11685,175.7
11690,174.6
11695,173.6
11700,173.2
11705,173.3
11710,173.8
11715,174.6
11720,175.4
11725,176.1
11730,176.7
11735,176.9
11740,176.7
11745,176.0
11750,175.2
11755,174.4
11760,173.7
11765,173.5
11770,173.8
11775,174.9
11780,176.5
11785,178.4
11790,180.2
11795,181.7
11800,182.6
11805,182.5
11810,181.5
11815,180.1
11820,178.4
11825,176.9
11830,175.8
11835,175.3
11840,175.5
11845,176.2
11850,177.2
11855,178.3
11860,179.4
11865,180.4
11870,181.0
11875,181.1
11880,180.7
11885,179.8
11890,179.3
11895,180.1
11900,181.7
11905,183.2
11910,184.5
11915,185.8
11920,186.9
11925,187.5
11930,187.0
11935,185.4
11940,183.1
11945,181.1
11950,180.2
11955,180.6
11960,182.1
11965,182.9
11970,182.4
11975,181.8
11980,182.2
11985,184.0
11990,184.8
11995,184.6
12000,183.6
12005,182.3
12010,182.7
12015,184.1
12020,185.0
12025,185.6
12030,187.1
12035,188.1
12040,187.9
12045,187.1
12050,187.2
12055,187.9
12060,187.3
12065,187.7
12070,189.0
12075,189.7
12080,189.9
12085,191.5
12090,193.4
12095,193.4
12100,191.8
12105,189.3
12110,188.7
12115,190.6
12120,192.8
12125,194.4
12130,195.1
12135,196.2
12140,196.6
12145,196.6
12150,197.1
12155,198.6
12160,200.1
12165,200.2
12170,199.6
12175,199.0
12180,198.8
12185,200.2
12190,201.0
12195,199.3
12200,197.8
12205,197.8
12210,197.1
12215,197.9
12220,200.6
12225,202.9
12230,205.3
12235,207.7
12240,209.9
12245,211.6
12250,210.9
12255,209.5
12260,209.6
12265,210.7
12270,209.9
12275,208.2
12280,207.2
12285,207.6
12290,209.1
12295,211.6
12300,214.2
12305,217.1
12310,219.9
12315,221.8
12320,221.9
12325,220.1
12330,217.0
12335,214.9
12340,215.4
12345,218.1
12350,221.6
12355,224.9
12360,227.0
12365,227.9
12370,228.1
12375,228.3
12380,228.7
12385,229.2
12390,230.2
12395,232.3
12400,234.8
12405,237.1
12410,238.7
12415,239.8
12420,239.9
12425,239.1
12430,238.1
12435,237.5
12440,237.6
12445,238.1
12450,238.3
12455,238.2
12460,237.5
12465,236.4
12470,234.8
12475,232.6
12480,230.0
12485,227.5
12490,225.4
12495,223.2
12500,221.2
